datetime,equity,drawdown,position_side
2026-02-02 11:00:00+00:00,10000.0,0.0,0
2026-02-02 12:00:00+00:00,10000.0,0.0,0
2026-02-02 13:00:00+00:00,10000.0,0.0,0
2026-02-02 14:00:00+00:00,10000.0,0.0,0
2026-02-02 15:00:00+00:00,10000.0,0.0,0
2026-02-02 16:00:00+00:00,10000.0,0.0,0
2026-02-02 17:00:00+00:00,10000.0,0.0,0
2026-02-02 18:00:00+00:00,10000.0,0.0,0
2026-02-02 19:00:00+00:00,10000.0,0.0,0
2026-02-02 20:00:00+00:00,10000.0,0.0,0
2026-02-02 21:00:00+00:00,10000.0,0.0,0
2026-02-02 23:00:00+00:00,10000.0,0.0,0
2026-02-03 00:00:00+00:00,10000.0,0.0,0
2026-02-03 01:00:00+00:00,10000.0,0.0,0
2026-02-03 02:00:00+00:00,10000.0,0.0,0
2026-02-03 03:00:00+00:00,10000.0,0.0,0
2026-02-03 04:00:00+00:00,10000.1,0.0,-1
2026-02-03 05:00:00+00:00,9984.08,-0.0016019839801602043,-1
2026-02-03 06:00:00+00:00,9927.96,-0.007213927860721503,-1
2026-02-03 07:00:00+00:00,9870.49860216314,-0.01296001018358428,-1
2026-02-03 08:00:00+00:00,9875.36860216314,-0.012473015053535486,-1
2026-02-03 09:00:00+00:00,9871.61860216314,-0.012848011303572937,-1
2026-02-03 10:00:00+00:00,9885.61860216314,-0.01144802530343303,-1
2026-02-03 11:00:00+00:00,9871.048602163139,-0.012905010733578859,-1
2026-02-03 12:00:00+00:00,9873.99860216314,-0.012610013683549304,-1
2026-02-03 13:00:00+00:00,9854.628602163139,-0.014546994313743067,-1
2026-02-03 14:00:00+00:00,9870.378602163139,-0.012972010063585504,-1
2026-02-03 15:00:00+00:00,9852.74860216314,-0.014734992433761751,-1
2026-02-03 16:00:00+00:00,9802.107993180784,-0.019799002691894718,-1
2026-02-03 17:00:00+00:00,9828.48799318078,-0.017161029071631195,-1
2026-02-03 18:00:00+00:00,9848.937993180783,-0.015116049521426422,-1
2026-02-03 19:00:00+00:00,9830.327993180781,-0.016977030911612845,-1
2026-02-03 20:00:00+00:00,9813.157993180783,-0.018694013741784365,-1
2026-02-03 21:00:00+00:00,9810.417993180781,-0.01896801100181189,-1
2026-02-03 23:00:00+00:00,9809.937993180782,-0.019016010521816673,-1
2026-02-04 00:00:00+00:00,9689.599756524032,-0.031049713850458294,-1
2026-02-04 01:00:00+00:00,9665.861635316658,-0.03342350223331192,-1
2026-02-04 02:00:00+00:00,9672.301635316657,-0.03277950867324764,-1
2026-02-04 03:00:00+00:00,9642.961635316657,-0.035713479333541076,-1
2026-02-04 04:00:00+00:00,9622.80837990981,-0.037728784721171915,-1
2026-02-04 05:00:00+00:00,9623.82837990981,-0.03762678574116163,-1
2026-02-04 06:00:00+00:00,9626.288379909809,-0.037380788201137105,-1
2026-02-04 07:00:00+00:00,9618.658379909808,-0.03814378057121348,-1
2026-02-04 08:00:00+00:00,9619.858379909809,-0.03802378177120147,-1
2026-02-04 09:00:00+00:00,9643.23837990981,-0.03568580515096753,-1
2026-02-04 10:00:00+00:00,9654.82837990981,-0.034526816740851674,-1
2026-02-04 11:00:00+00:00,9655.948379909809,-0.03441481786084055,-1
2026-02-04 12:00:00+00:00,9662.208379909809,-0.03378882412077788,-1
2026-02-04 13:00:00+00:00,9649.37837990981,-0.035071811290906196,-1
2026-02-04 14:00:00+00:00,9717.158379909808,-0.02829387907022851,-1
2026-02-04 15:00:00+00:00,9880.374759012466,-0.0119724043747097,-1
2026-02-04 16:00:00+00:00,9955.281315415388,-0.004481823640224758,-1
2026-02-04 17:00:00+00:00,9961.681315415388,-0.0038418300401608096,-1
2026-02-04 18:00:00+00:00,9932.311315415387,-0.0067788006704546655,-1
2026-02-04 19:00:00+00:00,9917.851315415388,-0.008224786210599189,-1
2026-02-04 20:00:00+00:00,9921.41131541539,-0.007868789770563378,-1
2026-02-04 21:00:00+00:00,9894.741315415387,-0.010535763100830264,-1
2026-02-04 23:00:00+00:00,9841.630507678998,-0.015846790764192598,-1
2026-02-05 00:00:00+00:00,9839.989125008236,-0.016010927389902507,-1
2026-02-05 01:00:00+00:00,9888.179125008235,-0.011191975579420754,-1
2026-02-05 02:00:00+00:00,10084.371692825367,0.0,-1
2026-02-05 03:00:00+00:00,9971.43742732075,-0.011198939204607572,-1
2026-02-05 04:00:00+00:00,9997.230122019322,-0.008641249396632467,-1
2026-02-05 05:00:00+00:00,9965.110122019321,-0.01182637594475966,-1
2026-02-05 06:00:00+00:00,9940.380122019324,-0.014278685394796375,-1
2026-02-05 07:00:00+00:00,9946.000122019323,-0.01372138741221629,-1
2026-02-05 08:00:00+00:00,9921.232624239425,-0.016177415267428996,-1
2026-02-05 09:00:00+00:00,9978.122624239426,-0.010536012735581024,-1
2026-02-05 10:00:00+00:00,9956.222624239424,-0.012707689927486054,-1
2026-02-05 11:00:00+00:00,9964.832624239425,-0.011853893552038475,-1
2026-02-05 12:00:00+00:00,9979.252624239423,-0.010423958159012758,-1
2026-02-05 13:00:00+00:00,9997.732624239425,-0.008591419597076433,-1
2026-02-05 14:00:00+00:00,9987.232624239425,-0.009632634689085595,-1
2026-02-05 15:00:00+00:00,10015.422624239425,-0.006837220075396111,-1
2026-02-05 16:00:00+00:00,9944.352624239425,-0.013884758798166863,-1
2026-02-05 17:00:00+00:00,9964.162624239425,-0.011920332991242844,-1
2026-02-05 18:00:00+00:00,9974.962624239424,-0.010849368896604927,-1
2026-02-05 19:00:00+00:00,10003.952624239424,-0.007974623609238618,-1
2026-02-05 20:00:00+00:00,10055.213723473684,-0.0028914016896489647,-1
2026-02-05 21:00:00+00:00,10087.543723473686,0.0,-1
2026-02-05 23:00:00+00:00,10235.78357649175,0.0,-1
2026-02-06 00:00:00+00:00,10197.083755879774,-0.003780836154142375,-1
2026-02-06 01:00:00+00:00,10182.91831544962,-0.005164749786576661,-1
2026-02-06 02:00:00+00:00,10093.114692193049,-0.013938247446572238,-1
2026-02-06 03:00:00+00:00,10064.538470597661,-0.01673004363704833,-1
2026-02-06 04:00:00+00:00,10074.98847059766,-0.01570911544704645,-1
2026-02-06 05:00:00+00:00,10006.0805505448,-0.022441176508899874,0
2026-02-06 06:00:00+00:00,10057.350550544801,-0.017432278106851773,-1
2026-02-06 07:00:00+00:00,10062.9705505448,-0.01688322390323349,-1
2026-02-06 08:00:00+00:00,10041.9105505448,-0.018940711719639403,-1
2026-02-06 09:00:00+00:00,10036.8105505448,-0.019438963754951466,-1
2026-02-06 10:00:00+00:00,10025.140550544802,-0.020579081647518094,-1
2026-02-06 11:00:00+00:00,10016.7005505448,-0.021403639917720985,-1
2026-02-06 12:00:00+00:00,10003.430550544801,-0.02270007217430714,-1
2026-02-06 13:00:00+00:00,9974.8105505448,-0.02549614536070499,-1
2026-02-06 14:00:00+00:00,9956.070550544802,-0.027326977349282577,-1
2026-02-06 15:00:00+00:00,9946.932598519972,-0.02821972307378351,-1
2026-02-06 16:00:00+00:00,9938.862598519972,-0.02900813364730659,-1
2026-02-06 17:00:00+00:00,9930.202598519973,-0.029854185142561773,-1
2026-02-06 18:00:00+00:00,9928.232598519971,-0.03004664720326089,-1
2026-02-06 19:00:00+00:00,9933.522598519972,-0.029529832837221548,-1
2026-02-06 20:00:00+00:00,9937.312598519973,-0.029159563187450388,-1
2026-02-06 21:00:00+00:00,9930.402598519971,-0.029834645847059527,-1
2026-02-08 23:00:00+00:00,9789.434265108415,-0.043606755462127444,-1
2026-02-09 00:00:00+00:00,9841.095094903303,-0.03855967436581198,-1
2026-02-09 01:00:00+00:00,9915.855094903303,-0.03125588570700333,-1
2026-02-09 02:00:00+00:00,9866.735094903303,-0.036054736682400335,-1
2026-02-09 03:00:00+00:00,9848.595094903303,-0.037826950784470736,-1
2026-02-09 04:00:00+00:00,9856.875094903304,-0.03701802395067011,-1
2026-02-09 05:00:00+00:00,9808.715094903304,-0.04172308630765542,-1
2026-02-09 06:00:00+00:00,9818.455094903304,-0.04077152261668704,-1
2026-02-09 07:00:00+00:00,9868.635094903304,-0.035869113375127104,-1
2026-02-09 08:00:00+00:00,9825.995094903303,-0.04003489117624548,-1
2026-02-09 09:00:00+00:00,9864.895094903304,-0.036234498201022536,-1
2026-02-09 10:00:00+00:00,9898.575094903303,-0.03294408083841338,-1
2026-02-09 11:00:00+00:00,9858.915094903303,-0.03681872313654533,-1
2026-02-09 12:00:00+00:00,9854.075094903303,-0.03729157408770423,-1
2026-02-09 13:00:00+00:00,9866.715094903304,-0.03605669061195049,-1
2026-02-09 14:00:00+00:00,9805.115094903304,-0.04207479362669919,-1
2026-02-09 15:00:00+00:00,9763.255094903303,-0.04616436817535796,-1
2026-02-09 16:00:00+00:00,9691.063008284269,-0.05321728074228993,-1
2026-02-09 17:00:00+00:00,9744.983008284269,-0.04794948667483456,-1
2026-02-09 18:00:00+00:00,9712.463008284269,-0.05112657612352989,-1
2026-02-09 19:00:00+00:00,9688.623008284269,-0.05345566014741965,-1
2026-02-09 20:00:00+00:00,9678.723008284269,-0.05442285527478996,-1
2026-02-09 21:00:00+00:00,9720.60300828427,-0.05033132679658081,-1
2026-02-09 23:00:00+00:00,9773.723008284269,-0.04514168991113532,-1
2026-02-10 00:00:00+00:00,9799.44300828427,-0.0426289365095226,-1
2026-02-10 01:00:00+00:00,9772.123008284269,-0.045298004275154735,-1
2026-02-10 02:00:00+00:00,9760.883008284269,-0.04639611268239141,-1
2026-02-10 03:00:00+00:00,9777.18300828427,-0.0448036600989431,-1
2026-02-10 04:00:00+00:00,9774.383008284269,-0.04507721023597733,-1
2026-02-10 05:00:00+00:00,9759.16300828427,-0.04656415062371222,-1
2026-02-10 06:00:00+00:00,9788.32300828427,-0.04371532133945777,-1
2026-02-10 07:00:00+00:00,9769.74300828427,-0.045530521891633646,-1
2026-02-10 08:00:00+00:00,9753.92300828427,-0.04707608016587583,-1
2026-02-10 09:00:00+00:00,9744.123008284269,-0.048033505645495134,-1
2026-02-10 10:00:00+00:00,9743.86300828427,-0.048058906729648077,-1
2026-02-10 11:00:00+00:00,9725.803008284269,-0.049823305113517735,-1
2026-02-10 12:00:00+00:00,9773.42300828427,-0.04517099885438891,-1
2026-02-10 13:00:00+00:00,9735.783008284268,-0.04884829426794646,-1
2026-02-10 14:00:00+00:00,9758.623008284269,-0.04661690672156882,-1
2026-02-10 15:00:00+00:00,9798.42300828427,-0.04272858691658499,-1
2026-02-10 16:00:00+00:00,9789.90300828427,-0.04356096090498862,-1
2026-02-10 17:00:00+00:00,9779.48300828427,-0.04457895820066504,-1
2026-02-10 18:00:00+00:00,9805.88300828427,-0.04199977119434428,-1
2026-02-10 19:00:00+00:00,9776.04300828427,-0.04491503408330699,-1
2026-02-10 20:00:00+00:00,9770.683008284272,-0.045438687202772,-1
2026-02-10 21:00:00+00:00,9781.183008284272,-0.04441287418889439,-1
2026-02-10 23:00:00+00:00,9748.403008284271,-0.04761536472174277,-1
2026-02-11 00:00:00+00:00,9756.38300828427,-0.046835746831195846,-1
2026-02-11 01:00:00+00:00,9727.003008284271,-0.04970606934050292,-1
2026-02-11 02:00:00+00:00,9713.389090425815,-0.051036101160413905,-1
2026-02-11 03:00:00+00:00,9715.789090425815,-0.050801629614384725,-1
2026-02-11 04:00:00+00:00,9739.699090425813,-0.0484657068370693,-1
2026-02-11 05:00:00+00:00,9719.959090425813,-0.05039423530315923,-1
2026-02-11 06:00:00+00:00,9686.239090425814,-0.05368856052486903,-1
2026-02-11 07:00:00+00:00,9713.149090425815,-0.0510595483150168,-1
2026-02-11 08:00:00+00:00,9716.629090425813,-0.050719564573274645,-1
2026-02-11 09:00:00+00:00,9690.979090425813,-0.05322547922146137,-1
2026-02-11 10:00:00+00:00,9518.659125103142,-0.07006053283850289,-1
2026-02-11 11:00:00+00:00,9467.960660931554,-0.07501359420334319,-1
2026-02-11 12:00:00+00:00,9532.419229915082,-0.06871621906817837,-1
2026-02-11 13:00:00+00:00,9648.6487231166,-0.05736100699936719,-1
2026-02-11 14:00:00+00:00,9666.588723116602,-0.055608332192798926,-1
2026-02-11 15:00:00+00:00,9665.2087231166,-0.05574315333176583,-1
2026-02-11 16:00:00+00:00,9620.1487231166,-0.06014535660846365,-1
2026-02-11 17:00:00+00:00,9571.0387231166,-0.06494323061908536,-1
2026-02-11 18:00:00+00:00,9598.0087231166,-0.06230835662058265,-1
2026-02-11 19:00:00+00:00,9599.9587231166,-0.06211784848943391,-1
2026-02-11 20:00:00+00:00,9585.2887231166,-0.06355105581453724,-1
2026-02-11 21:00:00+00:00,9592.068723116601,-0.06288867369700468,-1
2026-02-11 23:00:00+00:00,9660.978723116601,-0.05615640943164224,-1
2026-02-12 00:00:00+00:00,9655.878723116599,-0.056654661466954415,-1
2026-02-12 01:00:00+00:00,9653.2987231166,-0.05690671837893557,-1
2026-02-12 02:00:00+00:00,9647.0287231166,-0.05751927529293688,-1
2026-02-12 03:00:00+00:00,9674.4187231166,-0.054843368773878964,-1
2026-02-12 04:00:00+00:00,9636.6187231166,-0.05853629562383833,-1
2026-02-12 05:00:00+00:00,9618.4387231166,-0.06031241758500927,-1
2026-02-12 06:00:00+00:00,9665.9887231166,-0.05566695007930644,-1
2026-02-12 07:00:00+00:00,9654.348723116602,-0.05680413707754772,-1
2026-02-12 08:00:00+00:00,9640.128723116599,-0.058193380987770826,-1
2026-02-12 09:00:00+00:00,9625.9987231166,-0.05957383221501744,-1
2026-02-12 10:00:00+00:00,9658.2487231166,-0.05642312081525058,-1
2026-02-12 11:00:00+00:00,9653.658723116601,-0.05687154764703117,-1
2026-02-12 12:00:00+00:00,9686.8987231166,-0.05362411673452738,-1
2026-02-12 13:00:00+00:00,9619.4887231166,-0.06020983628362164,-1
2026-02-12 14:00:00+00:00,9834.398723116607,-0.039213886301483925,-1
2026-02-12 15:00:00+00:00,9769.878723116606,-0.045517263030568134,-1
2026-02-12 16:00:00+00:00,10212.317647602971,-0.0022925385939844833,-1
2026-02-12 17:00:00+00:00,10057.954809228726,-0.017373244161926205,-1
2026-02-12 18:00:00+00:00,10063.624809228726,-0.016819305134432194,-1
2026-02-12 19:00:00+00:00,10053.564809228727,-0.017802131698204438,-1
2026-02-12 20:00:00+00:00,10084.174809228727,-0.014811642521557422,-1
2026-02-12 21:00:00+00:00,10077.414809228725,-0.01547207070953971,-1
2026-02-12 23:00:00+00:00,10079.214809228726,-0.015296217050017713,-1
2026-02-13 00:00:00+00:00,10071.154809228727,-0.016083650658765603,-1
2026-02-13 01:00:00+00:00,10018.054809228726,-0.021271333614661048,-1
2026-02-13 02:00:00+00:00,9993.579177072359,-0.023662516661221322,-1
2026-02-13 03:00:00+00:00,10007.95917707236,-0.02225764131459651,-1
2026-02-13 04:00:00+00:00,10017.11917707236,-0.021362741580585154,-1
2026-02-13 05:00:00+00:00,10077.29917707236,-0.015483367563903672,-1
2026-02-13 06:00:00+00:00,10035.65917707236,-0.019551448887509704,-1
2026-02-13 07:00:00+00:00,10020.61917707236,-0.021020803909292618,-1
2026-02-13 08:00:00+00:00,10005.27917707236,-0.022519467874329124,-1
2026-02-13 09:00:00+00:00,10029.77917707236,-0.020125904175281262,-1
2026-02-13 10:00:00+00:00,10070.83917707236,-0.016114486808632367,-1
2026-02-13 11:00:00+00:00,10062.73917707236,-0.016905828276480572,-1
2026-02-13 12:00:00+00:00,10031.31917707236,-0.01997545159991254,-1
2026-02-13 13:00:00+00:00,9996.83917707236,-0.023344026144531682,-1
2026-02-13 14:00:00+00:00,9979.51917707236,-0.025036129135042162,-1
2026-02-13 15:00:00+00:00,9971.583847467093,-0.025811382885374656,-1
2026-02-13 16:00:00+00:00,9866.275187321218,-0.03609966803315112,0
2026-02-13 17:00:00+00:00,9839.915187321218,-0.038674947180371566,-1
2026-02-13 18:00:00+00:00,9819.775187321218,-0.04064255423746632,-1
2026-02-13 19:00:00+00:00,9809.946903828091,-0.041602742914735646,-1
2026-02-13 20:00:00+00:00,9792.906903828092,-0.04326749089154269,-1
2026-02-13 21:00:00+00:00,9779.406903828092,-0.044586393337956665,-1
2026-02-15 23:00:00+00:00,9816.846903828093,-0.04092863721990159,-1
2026-02-16 00:00:00+00:00,9826.186903828093,-0.04001615211993814,-1
2026-02-16 01:00:00+00:00,9799.746903828092,-0.04259924698535955,-1
2026-02-16 02:00:00+00:00,9868.326903828092,-0.03589922255757594,-1
2026-02-16 03:00:00+00:00,9882.726903828092,-0.03449239328140097,-1
2026-02-16 04:00:00+00:00,9901.646903828092,-0.03264397592687107,-1
2026-02-16 05:00:00+00:00,9876.166903828092,-0.035133282173880676,-1
2026-02-16 06:00:00+00:00,9867.986903828092,-0.03593243935993018,-1
2026-02-16 07:00:00+00:00,9843.226903828092,-0.038351404143131096,-1
2026-02-16 08:00:00+00:00,9841.486903828092,-0.038521396014002174,-1
2026-02-16 09:00:00+00:00,9830.386903828092,-0.03960582691438719,-1
2026-02-16 10:00:00+00:00,9845.866903828091,-0.03809348544249902,-1
2026-02-16 11:00:00+00:00,9849.006903828093,-0.03778671850311077,-1
2026-02-16 12:00:00+00:00,9853.326903828092,-0.037364669720258314,-1
2026-02-16 13:00:00+00:00,9862.886903828092,-0.03643069139524213,-1
2026-02-16 14:00:00+00:00,9880.826903828092,-0.03467801658867409,-1
2026-02-16 15:00:00+00:00,9898.626903828092,-0.032939019288957816,-1
2026-02-16 16:00:00+00:00,9881.466903828092,-0.034615490843066365,-1
2026-02-16 17:00:00+00:00,9874.386903828092,-0.0353071819038524,-1
2026-02-16 18:00:00+00:00,9868.466903828092,-0.03588554505072439,-1
2026-02-16 19:00:00+00:00,9873.786903828091,-0.0353657997903597,-1
2026-02-16 23:00:00+00:00,9896.666903828092,-0.03313050438488152,-1
2026-02-17 00:00:00+00:00,10242.321228533217,0.0,-1
2026-02-17 01:00:00+00:00,10105.681672902263,-0.013340682505670887,-1
2026-02-17 02:00:00+00:00,10064.26035745233,-0.017384816108368395,-1
2026-02-17 03:00:00+00:00,10106.180357452331,-0.013291993879436581,-1
2026-02-17 04:00:00+00:00,10120.82035745233,-0.011862630391088258,-1
2026-02-17 05:00:00+00:00,10542.953138566456,0.0,-1
2026-02-17 06:00:00+00:00,10455.51969837248,-0.008293069223094807,0
2026-02-17 07:00:00+00:00,10455.51969837248,-0.008293069223094807,0
2026-02-17 08:00:00+00:00,10455.51969837248,-0.008293069223094807,0
2026-02-17 09:00:00+00:00,10455.51969837248,-0.008293069223094807,0
2026-02-17 10:00:00+00:00,10492.77969837248,-0.004758955060744752,-1
2026-02-17 11:00:00+00:00,10445.01969837248,-0.009288995114256182,-1
2026-02-17 12:00:00+00:00,10435.95969837248,-0.010148336883201159,-1
2026-02-17 13:00:00+00:00,10786.12311738603,0.0,-1
2026-02-17 14:00:00+00:00,10745.780851195354,-0.003740200788701298,0
2026-02-17 15:00:00+00:00,10745.780851195354,-0.003740200788701298,0
2026-02-17 16:00:00+00:00,10745.780851195354,-0.003740200788701298,0
2026-02-17 17:00:00+00:00,10745.780851195354,-0.003740200788701298,0
2026-02-17 18:00:00+00:00,10745.780851195354,-0.003740200788701298,0
2026-02-17 19:00:00+00:00,10782.640851195354,-0.0003228468795302142,-1
2026-02-17 20:00:00+00:00,10787.420851195353,0.0,-1
2026-02-17 21:00:00+00:00,10788.360851195353,0.0,-1
2026-02-17 23:00:00+00:00,10824.060851195354,0.0,-1
2026-02-18 00:00:00+00:00,10793.720851195354,-0.0028030145448276755,-1
2026-02-18 01:00:00+00:00,10764.320851195354,-0.005519185527620429,-1
2026-02-18 02:00:00+00:00,10733.080851195355,-0.00840534816375793,-1
2026-02-18 03:00:00+00:00,10701.860851195353,-0.011289663064533273,-1
2026-02-18 04:00:00+00:00,10644.893173863467,-0.016552722660654662,-1
2026-02-18 05:00:00+00:00,10646.273173863468,-0.016425228920646018,-1
2026-02-18 06:00:00+00:00,10654.91317386347,-0.015627007244070068,-1
2026-02-18 07:00:00+00:00,10656.293173863469,-0.015499513504061424,-1
2026-02-18 08:00:00+00:00,10695.62317386347,-0.01186594191381507,-1
2026-02-18 09:00:00+00:00,10694.84317386347,-0.011938003592950386,-1
2026-02-18 10:00:00+00:00,10703.09317386347,-0.01117581275594226,-1
2026-02-18 11:00:00+00:00,10707.44317386347,-0.010773930314610602,-1
2026-02-18 12:00:00+00:00,10486.648573655224,-0.031172429846684446,-1
2026-02-18 13:00:00+00:00,10479.804489341715,-0.031804732677165326,-1
2026-02-18 14:00:00+00:00,10289.614982479161,-0.049375726546952214,-1
2026-02-18 15:00:00+00:00,10328.247583249655,-0.04580658541761107,-1
2026-02-18 16:00:00+00:00,10317.207583249654,-0.04682653533768022,-1
2026-02-18 17:00:00+00:00,10322.247583249655,-0.04636090602634424,-1
2026-02-18 18:00:00+00:00,10369.807583249656,-0.04196699133445214,-1
2026-02-18 19:00:00+00:00,10396.247583249655,-0.03952428518530127,-1
2026-02-18 20:00:00+00:00,10378.767583249655,-0.04113920589207731,-1
2026-02-18 21:00:00+00:00,10408.727583249654,-0.038371298319136216,-1
2026-02-18 23:00:00+00:00,10413.767583249655,-0.037905669007800125,-1
2026-02-19 00:00:00+00:00,10473.967583249656,-0.03234398556684348,-1
2026-02-19 01:00:00+00:00,10427.287583249656,-0.03665659990278791,-1
2026-02-19 02:00:00+00:00,10445.367583249654,-0.03498624713513865,-1
2026-02-19 03:00:00+00:00,10391.967583249656,-0.03991970055286409,-1
2026-02-19 04:00:00+00:00,10380.487583249656,-0.040980300650906964,-1
2026-02-19 05:00:00+00:00,10330.167583249657,-0.04562920282281624,-1
2026-02-19 06:00:00+00:00,10172.146426822252,-0.0602282667600772,-1
2026-02-19 07:00:00+00:00,10216.964133331347,-0.05608770370105254,-1
2026-02-19 08:00:00+00:00,10189.404133331345,-0.058633883030500544,-1
2026-02-19 09:00:00+00:00,10275.564133331345,-0.05067383908909162,-1
2026-02-19 10:00:00+00:00,10340.325535528747,-0.044690742441011455,-1
2026-02-19 11:00:00+00:00,10374.805535528747,-0.04150524667615796,-1
2026-02-19 12:00:00+00:00,10372.965535528747,-0.04167523832950282,-1
2026-02-19 13:00:00+00:00,10324.885535528749,-0.04611719414081816,-1
2026-02-19 14:00:00+00:00,10290.92553552875,-0.04925464878624808,-1
2026-02-19 15:00:00+00:00,10222.380739496004,-0.055587280963309005,-1
2026-02-19 16:00:00+00:00,10296.100739496005,-0.04877652841734015,-1
2026-02-19 17:00:00+00:00,10337.820739496006,-0.04492215245128173,-1
2026-02-19 18:00:00+00:00,10349.460739496006,-0.04384677047033936,-1
2026-02-19 19:00:00+00:00,10325.700739496004,-0.046041880080923026,-1
2026-02-19 20:00:00+00:00,10270.100739496005,-0.05117858438851741,-1
2026-02-19 21:00:00+00:00,10292.140739496006,-0.04914238001910398,-1
2026-02-19 23:00:00+00:00,10325.460739496006,-0.04606405290527216,-1
2026-02-20 00:00:00+00:00,10251.740739496005,-0.052874805451241125,-1
2026-02-20 01:00:00+00:00,10288.660739496006,-0.04946388597216922,-1
2026-02-20 02:00:00+00:00,10291.820739496006,-0.04917194378490308,-1
2026-02-20 03:00:00+00:00,10324.940739496005,-0.04611209402469574,-1
2026-02-20 04:00:00+00:00,10277.660739496006,-0.050480140421513386,-1
2026-02-20 05:00:00+00:00,10229.780739496005,-0.054903618879204585,-1
2026-02-20 06:00:00+00:00,10127.95291754424,-0.06431116225425126,-1
2026-02-20 07:00:00+00:00,10198.952917544244,-0.0577517017175746,-1
2026-02-20 08:00:00+00:00,9988.254670766748,-0.07721743178636176,-1
2026-02-20 09:00:00+00:00,10006.91367605084,-0.07549358659178929,-1
2026-02-20 10:00:00+00:00,9971.763676050843,-0.0787409814912845,-1
2026-02-20 11:00:00+00:00,10058.613676050843,-0.07071719067987114,-1
2026-02-20 12:00:00+00:00,10019.16367605084,-0.07436184868229234,-1
2026-02-20 13:00:00+00:00,9830.52109289845,-0.0917899272699656,-1
2026-02-20 14:00:00+00:00,9781.416975917706,-0.09632649793931125,-1
2026-02-20 15:00:00+00:00,9792.22886729273,-0.09532762223788438,-1
2026-02-20 16:00:00+00:00,9695.90886729273,-0.10422631574341501,-1
2026-02-20 17:00:00+00:00,9645.115623569538,-0.1089189393734441,-1
2026-02-20 18:00:00+00:00,9649.525623569538,-0.10851151372602519,-1
2026-02-20 19:00:00+00:00,9624.685623569538,-0.11080640104618067,-1
2026-02-20 20:00:00+00:00,9520.027071825076,-0.12047546639820184,-1
2026-02-20 21:00:00+00:00,9507.707071825076,-0.12161367138146739,-1
2026-02-22 23:00:00+00:00,9272.578899724695,-0.14333640329630282,-1
2026-02-23 00:00:00+00:00,9466.87062888304,-0.1253864183664889,-1
2026-02-23 01:00:00+00:00,9427.66062888304,-0.1290089035445604,-1
2026-02-23 02:00:00+00:00,9379.03062888304,-0.13350167207834318,-1
2026-02-23 03:00:00+00:00,9399.85062888304,-0.1315781795660389,-1
2026-02-23 04:00:00+00:00,9418.42062888304,-0.12986255728200968,-1
2026-02-23 05:00:00+00:00,9425.560628883039,-0.12920291575761722,-1
2026-02-23 06:00:00+00:00,9463.300628883037,-0.12571623912868546,-1
2026-02-23 07:00:00+00:00,9490.12062888304,-0.12323842600764767,-1
2026-02-23 08:00:00+00:00,9479.41062888304,-0.12422788829423637,-1
2026-02-23 09:00:00+00:00,9451.180628883038,-0.12683596675832642,-1
2026-02-23 10:00:00+00:00,9411.85062888304,-0.13046953834857256,-1
2026-02-23 11:00:00+00:00,9450.91062888304,-0.12686091118571918,-1
2026-02-23 12:00:00+00:00,9408.730628883039,-0.13075778506511382,-1
2026-02-23 13:00:00+00:00,9460.54062888304,-0.1259712266087024,-1
2026-02-23 14:00:00+00:00,9144.155404546886,-0.15520103496673787,-1
2026-02-23 15:00:00+00:00,9227.789439892364,-0.14747435673615106,-1
2026-02-23 16:00:00+00:00,9123.441535936538,-0.15711472234295587,-1
2026-02-23 17:00:00+00:00,9130.041535936536,-0.15650496967334948,-1
2026-02-23 18:00:00+00:00,9124.971535936535,-0.1569733705877292,-1
2026-02-23 19:00:00+00:00,9106.941535936538,-0.15863910401697223,-1
2026-02-23 20:00:00+00:00,9029.339196548983,-0.16580853335171075,-1
2026-02-23 21:00:00+00:00,9055.859196548983,-0.1633584362611099,-1
2026-02-23 23:00:00+00:00,8993.475371443608,-0.1691218762456962,-1
2026-02-24 00:00:00+00:00,9040.315371443608,-0.16479448002685226,-1
2026-02-24 01:00:00+00:00,9385.755050937603,-0.13288042445723236,-1
2026-02-24 02:00:00+00:00,9343.13252968497,-0.13681818144498314,-1
2026-02-24 03:00:00+00:00,9397.10252968497,-0.1318320675694279,-1
2026-02-24 04:00:00+00:00,9408.292529684972,-0.13079825963414016,-1
2026-02-24 05:00:00+00:00,9365.572529684969,-0.13474502236832098,-1
2026-02-24 06:00:00+00:00,9392.12252968497,-0.1322921536746764,-1
2026-02-24 07:00:00+00:00,9374.78252968497,-0.13389414023391544,-1
2026-02-24 08:00:00+00:00,9392.692529684971,-0.13223949321684658,-1
2026-02-24 09:00:00+00:00,9398.87252968497,-0.13166854298985153,-1
2026-02-24 10:00:00+00:00,9394.522529684971,-0.13207042543118297,-1
2026-02-24 11:00:00+00:00,9394.85252968497,-0.13203993779770284,-1
2026-02-24 12:00:00+00:00,9460.55252968497,-0.125970127132074,-1
2026-02-24 13:00:00+00:00,9647.805952384035,-0.10867038858908673,-1
2026-02-24 14:00:00+00:00,9635.765913762785,-0.10978272884537044,-1
2026-02-24 15:00:00+00:00,9533.625931694081,-0.11921911168475774,-1
2026-02-24 16:00:00+00:00,9558.375931694081,-0.11693253917373325,-1
2026-02-24 17:00:00+00:00,9456.17309120172,-0.1263747292997316,-1
2026-02-24 18:00:00+00:00,9451.300744042484,-0.12682486970694262,-1
2026-02-24 19:00:00+00:00,9469.750744042485,-0.12512033383508792,-1
2026-02-24 20:00:00+00:00,9439.300744042484,-0.12793351092440908,-1
2026-02-24 21:00:00+00:00,9500.050744042484,-0.12232101476098522,-1
2026-02-24 23:00:00+00:00,9491.500744042485,-0.12311092162843007,-1
2026-02-25 00:00:00+00:00,9474.790744042484,-0.12465470452375216,-1
2026-02-25 01:00:00+00:00,9287.780707394624,-0.14193195741606268,-1
2026-02-25 02:00:00+00:00,9272.436135046184,-0.14334959286355242,-1
2026-02-25 03:00:00+00:00,9268.566135046185,-0.14370712965618515,-1
2026-02-25 04:00:00+00:00,9266.526135046184,-0.1438955986631546,-1
2026-02-25 05:00:00+00:00,9146.118317865481,-0.15501968774912878,-1
2026-02-25 06:00:00+00:00,9167.35831786548,-0.15305739279421327,-1
2026-02-25 07:00:00+00:00,9197.088317865484,-0.15031073417793983,-1
2026-02-25 08:00:00+00:00,9193.968317865483,-0.1505989808944812,-1
2026-02-25 09:00:00+00:00,9172.24831786548,-0.15260562149809576,-1
2026-02-25 10:00:00+00:00,9225.168317865482,-0.14771651372906858,-1
2026-02-25 11:00:00+00:00,9206.448317865483,-0.14944599402831615,-1
2026-02-25 12:00:00+00:00,9201.97831786548,-0.14985896288182265,-1
2026-02-25 13:00:00+00:00,9195.49831786548,-0.15045762913925453,-1
2026-02-25 14:00:00+00:00,9177.138317865481,-0.15215385020197802,-1
2026-02-25 15:00:00+00:00,9166.578317865482,-0.15312945447334847,-1
2026-02-25 16:00:00+00:00,9076.019340334145,-0.16149590573191985,-1
2026-02-25 17:00:00+00:00,9074.332819294677,-0.16165171796012634,-1
2026-02-25 18:00:00+00:00,9088.162819294677,-0.16037400895699627,-1
2026-02-25 19:00:00+00:00,9079.912819294677,-0.1611361997940045,-1
2026-02-25 20:00:00+00:00,9351.913501225124,-0.13600693586341517,-1
2026-02-25 21:00:00+00:00,9279.594506400486,-0.1426882540691098,-1
2026-02-25 23:00:00+00:00,9234.370825426213,-0.14686632379691256,-1
2026-02-26 00:00:00+00:00,9099.970978807247,-0.15928309126215856,-1
2026-02-26 01:00:00+00:00,9091.226121232494,-0.16009100039117896,-1
2026-02-26 02:00:00+00:00,9113.576121232492,-0.1580261561236479,-1
2026-02-26 03:00:00+00:00,9088.436121232493,-0.16034875947424,-1
2026-02-26 04:00:00+00:00,9088.076121232494,-0.16038201871076385,-1
2026-02-26 05:00:00+00:00,9071.546121232492,-0.16190917198782406,-1
2026-02-26 06:00:00+00:00,9086.546121232494,-0.16052337046599086,-1
2026-02-26 07:00:00+00:00,9109.376121232493,-0.15841418054976097,-1
2026-02-26 08:00:00+00:00,9128.456121232493,-0.15665144101398942,-1
2026-02-26 09:00:00+00:00,9107.066121232492,-0.1586275939841234,-1
2026-02-26 10:00:00+00:00,9151.466121232494,-0.15452562147949744,-1
2026-02-26 11:00:00+00:00,9171.686121232493,-0.1526575610280666,-1
2026-02-26 12:00:00+00:00,9114.806121232492,-0.15791252039885761,-1
2026-02-26 13:00:00+00:00,9167.876121232493,-0.1530095546146122,-1
2026-02-26 14:00:00+00:00,9171.296121232492,-0.15269359186763432,-1
2026-02-26 15:00:00+00:00,9204.437999585614,-0.1496317208370902,-1
2026-02-26 16:00:00+00:00,9214.675730542673,-0.1486858899610629,-1
2026-02-26 17:00:00+00:00,9239.435730542673,-0.14639839358235718,-1
2026-02-26 18:00:00+00:00,9213.415730542672,-0.14880229728889693,-1
2026-02-26 19:00:00+00:00,9199.855730542671,-0.15005506186463413,-1
2026-02-26 20:00:00+00:00,9180.995730542672,-0.1517974763114187,-1
2026-02-26 21:00:00+00:00,9203.435730542673,-0.14972431723475643,-1
2026-02-26 23:00:00+00:00,9204.835730542673,-0.1495949757593854,-1
2026-02-27 00:00:00+00:00,9223.995730542672,-0.147824845282164,-1
2026-02-27 01:00:00+00:00,9185.795730542672,-0.1513540198244322,-1
2026-02-27 02:00:00+00:00,9206.835730542673,-0.14941020222314105,-1
2026-02-27 03:00:00+00:00,9205.715730542672,-0.14951367540343796,-1
2026-02-27 04:00:00+00:00,9210.075730542672,-0.14911086909442506,-1
2026-02-27 05:00:00+00:00,9178.015730542673,-0.15207278888042286,-1
2026-02-27 06:00:00+00:00,9202.235730542672,-0.1498351813565032,-1
2026-02-27 07:00:00+00:00,9221.835730542673,-0.14802440070130796,-1
2026-02-27 08:00:00+00:00,9216.035730542671,-0.14856024395641687,-1
2026-02-27 09:00:00+00:00,9221.215730542672,-0.14808168049754378,-1
2026-02-27 10:00:00+00:00,9218.595730542673,-0.14832373383002384,-1
2026-02-27 11:00:00+00:00,9203.075730542672,-0.14975757647128052,-1
2026-02-27 12:00:00+00:00,9198.675730542673,-0.15016407825101818,-1
2026-02-27 13:00:00+00:00,9010.583623574228,-0.1675413001231284,-1
2026-02-27 14:00:00+00:00,9082.7067260476,-0.1608780797786672,-1
2026-02-27 15:00:00+00:00,8979.739243841559,-0.17039091268136375,-1
2026-02-27 16:00:00+00:00,8966.333010364518,-0.17162947126499917,0
2026-02-27 17:00:00+00:00,8955.47301036452,-0.17263279156680622,-1
2026-02-27 18:00:00+00:00,8934.05301036452,-0.17461171613998383,-1
2026-02-27 19:00:00+00:00,8912.569053025676,-0.17659654952499482,-1
2026-02-27 20:00:00+00:00,8886.369053025675,-0.17901708284979667,-1
2026-02-27 21:00:00+00:00,8845.103600014125,-0.18282946468863237,-1
2026-03-01 23:00:00+00:00,8779.266139103773,-0.18891197492351175,-1
2026-03-02 00:00:00+00:00,8899.266139103773,-0.1778255627488473,-1
2026-03-02 01:00:00+00:00,8982.128566508716,-0.17017017088214392,-1
2026-03-02 02:00:00+00:00,8939.708566508716,-0.1740892175858878,-1
2026-03-02 03:00:00+00:00,8899.968566508716,-0.17776066775106414,-1
2026-03-02 04:00:00+00:00,8921.168566508717,-0.1758020682668734,-1
2026-03-02 05:00:00+00:00,8900.808566508716,-0.17768306286584146,-1
2026-03-02 06:00:00+00:00,8836.279603530087,-0.1836446852057143,-1
2026-03-02 07:00:00+00:00,8780.7286833569,-0.1887768551867296,-1
2026-03-02 08:00:00+00:00,8791.499971767513,-0.1877817306619609,-1
2026-03-02 09:00:00+00:00,8795.739971767513,-0.18739001076512285,-1
2026-03-02 10:00:00+00:00,8800.899971767512,-0.18691329504161225,-1
2026-03-02 11:00:00+00:00,8808.239971767513,-0.1862351761635953,-1
2026-03-02 12:00:00+00:00,8785.639971767512,-0.18832311712315708,-1
2026-03-02 13:00:00+00:00,8791.519971767511,-0.18777988292659864,-1
2026-03-02 14:00:00+00:00,9060.396150433522,-0.16293928175459782,-1
2026-03-02 15:00:00+00:00,9066.373579804476,-0.16238704637333667,-1
2026-03-02 16:00:00+00:00,9190.004369415066,-0.15096519728081825,-1
2026-03-02 17:00:00+00:00,9173.414369415066,-0.1524978937639656,-1
2026-03-02 18:00:00+00:00,9164.924369415068,-0.15328225742532287,-1
2026-03-02 19:00:00+00:00,9149.844369415066,-0.15467544988860593,-1
2026-03-02 20:00:00+00:00,9148.054369415067,-0.15484082220354456,-1
2026-03-02 21:00:00+00:00,9158.264369415068,-0.15389755330101673,-1
2026-03-02 23:00:00+00:00,9134.574369415066,-0.156086195837832,-1
2026-03-03 00:00:00+00:00,9132.392757541182,-0.15628774790815714,0
2026-03-03 01:00:00+00:00,9132.392757541182,-0.15628774790815714,0
2026-03-03 02:00:00+00:00,9132.392757541182,-0.15628774790815714,0
2026-03-03 03:00:00+00:00,9131.252757541182,-0.15639306882381643,-1
2026-03-03 04:00:00+00:00,9144.672757541182,-0.15515323839561646,-1
2026-03-03 05:00:00+00:00,9227.292757541181,-0.14752024361336014,-1
2026-03-03 06:00:00+00:00,9255.002253024173,-0.14496025287938974,0
2026-03-03 07:00:00+00:00,9255.002253024173,-0.14496025287938974,0
2026-03-03 08:00:00+00:00,9255.002253024173,-0.14496025287938974,0
2026-03-03 09:00:00+00:00,9255.002253024173,-0.14496025287938974,0
2026-03-03 10:00:00+00:00,9255.002253024173,-0.14496025287938974,0
2026-03-03 11:00:00+00:00,9255.002253024173,-0.14496025287938974,0
2026-03-03 12:00:00+00:00,9255.002253024173,-0.14496025287938974,0
2026-03-03 13:00:00+00:00,9255.002253024173,-0.14496025287938974,0
2026-03-03 14:00:00+00:00,9373.472253024172,-0.13401519245995241,-1
2026-03-03 15:00:00+00:00,9362.057967375169,-0.13506972142148743,0
2026-03-03 16:00:00+00:00,9362.057967375169,-0.13506972142148743,0
2026-03-03 17:00:00+00:00,9362.057967375169,-0.13506972142148743,0
2026-03-03 18:00:00+00:00,9362.057967375169,-0.13506972142148743,0
2026-03-03 19:00:00+00:00,9384.857967375168,-0.1329633031083013,-1
2026-03-03 20:00:00+00:00,9401.027967375168,-0.13146940906776527,-1
2026-03-03 21:00:00+00:00,9409.76796737517,-0.13066194871437709,-1
2026-03-03 23:00:00+00:00,9372.83796737517,-0.13407379206113013,-1
2026-03-04 00:00:00+00:00,9360.137967375169,-0.13524710401628215,-1
2026-03-04 01:00:00+00:00,9323.42796737517,-0.1386386222740481,-1
2026-03-04 02:00:00+00:00,9341.777967375168,-0.13694332507900586,-1
2026-03-04 03:00:00+00:00,9324.127967375169,-0.13857395153636265,-1
2026-03-04 04:00:00+00:00,9341.437967375168,-0.13697473658016734,-1
2026-03-04 05:00:00+00:00,9338.537967375169,-0.13724265820772175,-1
2026-03-04 06:00:00+00:00,9337.857967375168,-0.13730548121004482,-1
2026-03-04 07:00:00+00:00,9329.897967375167,-0.1380408798842977,-1
2026-03-04 08:00:00+00:00,9330.197967375168,-0.13801316385386098,-1
2026-03-04 09:00:00+00:00,9315.957967375169,-0.13932875143192103,-1
2026-03-04 10:00:00+00:00,9284.64969684566,-0.14222122136163806,-1
2026-03-04 11:00:00+00:00,9280.00969684566,-0.14264989596572497,-1
2026-03-04 12:00:00+00:00,9322.24969684566,-0.1387474788802432,-1
2026-03-04 13:00:00+00:00,9329.40969684566,-0.13808598962048824,-1
2026-03-04 14:00:00+00:00,9369.72969684566,-0.13436095512980106,-1
2026-03-04 15:00:00+00:00,9362.94969684566,-0.13498733741766944,-1
2026-03-04 16:00:00+00:00,9365.76969684566,-0.1347268067315649,-1
2026-03-04 17:00:00+00:00,9382.86969684566,-0.1331469929966752,-1
2026-03-04 18:00:00+00:00,9397.62969684566,-0.13178336429919146,-1
2026-03-04 19:00:00+00:00,9389.34969684566,-0.13254832673924333,-1
2026-03-04 20:00:00+00:00,9395.52969684566,-0.13197737651224806,-1
2026-03-04 21:00:00+00:00,9382.56969684566,-0.13317470902711193,-1
2026-03-04 23:00:00+00:00,9334.98969684566,-0.1375704714543663,-1
2026-03-05 00:00:00+00:00,9319.92969684566,-0.13896181618228665,-1
2026-03-05 01:00:00+00:00,9319.98969684566,-0.1389562729761994,-1
2026-03-05 02:00:00+00:00,9281.40969684566,-0.14252055449035395,-1
2026-03-05 03:00:00+00:00,9304.78969684566,-0.14036055185165675,-1
2026-03-05 04:00:00+00:00,9322.049696845661,-0.13876595623386756,-1
2026-03-05 05:00:00+00:00,9367.36969684566,-0.13457898790256928,-1
2026-03-05 06:00:00+00:00,9330.549696845661,-0.13798066870482883,-1
2026-03-05 07:00:00+00:00,9341.18969684566,-0.13699767349200864,-1
2026-03-05 08:00:00+00:00,9334.72969684566,-0.13759449201407814,-1
2026-03-05 09:00:00+00:00,9343.70969684566,-0.1367648588363406,-1
2026-03-05 10:00:00+00:00,9337.16969684566,-0.13736906829985984,-1
2026-03-05 11:00:00+00:00,9336.069696845661,-0.13747069374479415,-1
2026-03-05 12:00:00+00:00,9340.239696845663,-0.13708544092172448,-1
2026-03-05 13:00:00+00:00,9638.540314331845,-0.10952641094331861,-1
2026-03-05 14:00:00+00:00,9707.982785531662,-0.10311084545874838,-1
2026-03-05 15:00:00+00:00,9706.032785531663,-0.10329099965658661,-1
2026-03-05 16:00:00+00:00,9862.229365931495,-0.08886050240170629,-1
2026-03-05 17:00:00+00:00,9876.629365931494,-0.08753013294074663,-1
2026-03-05 18:00:00+00:00,9870.609365931494,-0.0880863012848423,-1
2026-03-05 19:00:00+00:00,9873.969365931494,-0.08777588174395168,-1
2026-03-05 20:00:00+00:00,9863.509365931495,-0.08874224733850977,-1
2026-03-05 21:00:00+00:00,9859.109365931494,-0.08914874911824766,-1
2026-03-05 23:00:00+00:00,9853.909365931495,-0.08962916031248302,-1
2026-03-06 00:00:00+00:00,9855.319365931495,-0.08949889496943064,-1
2026-03-06 01:00:00+00:00,9703.90580973458,-0.1034875040763531,-1
2026-03-06 02:00:00+00:00,9758.763615498992,-0.0984193686955036,-1
2026-03-06 03:00:00+00:00,9749.423615498992,-0.09928226110976501,-1
2026-03-06 04:00:00+00:00,9756.603615498992,-0.09861892411464757,-1
2026-03-06 05:00:00+00:00,9776.323615498994,-0.09679705704727759,-1
2026-03-06 06:00:00+00:00,9779.703615498993,-0.09648478977102459,-1
2026-03-06 07:00:00+00:00,9772.723615498993,-0.09712964941251756,-1
2026-03-06 08:00:00+00:00,9794.463615498993,-0.09512116107354085,-1
2026-03-06 09:00:00+00:00,9840.183615498992,-0.09089723803499383,-1
2026-03-06 10:00:00+00:00,9829.483615498993,-0.09188577645390128,-1
2026-03-06 11:00:00+00:00,9904.18197622223,-0.08498463632265496,-1
2026-03-06 12:00:00+00:00,9891.92197622223,-0.08611729809983326,-1
2026-03-06 13:00:00+00:00,9819.991652203757,-0.09276270826588284,-1
2026-03-06 14:00:00+00:00,9680.048872820482,-0.10569156937514201,-1
2026-03-06 15:00:00+00:00,9688.876291964583,-0.10487603264955836,-1
2026-03-06 16:00:00+00:00,9692.816291964584,-0.10451202878315691,-1
2026-03-06 17:00:00+00:00,9691.156291964584,-0.10466539081823967,-1
2026-03-06 18:00:00+00:00,9609.231752598393,-0.11223413424018236,-1
2026-03-06 19:00:00+00:00,9591.144109381368,-0.11390519313995073,-1
2026-03-06 20:00:00+00:00,9604.184109381367,-0.11270046968363723,-1
2026-03-06 21:00:00+00:00,9569.724109381368,-0.11588411771312834,-1
2026-03-08 22:00:00+00:00,9676.555583536985,-0.1060143030821602,-1
2026-03-08 23:00:00+00:00,9800.57798289571,-0.09455627443064651,-1
2026-03-09 00:00:00+00:00,9822.029944403492,-0.09257439703706061,0
2026-03-09 01:00:00+00:00,9822.029944403492,-0.09257439703706061,0
2026-03-09 02:00:00+00:00,9822.029944403492,-0.09257439703706061,0
2026-03-09 03:00:00+00:00,9825.309944403492,-0.09227136843761963,-1
2026-03-09 04:00:00+00:00,9826.499944403491,-0.09216142818355433,-1
2026-03-09 05:00:00+00:00,9746.781460746788,-0.0995263612481998,-1
2026-03-09 06:00:00+00:00,9795.934145757079,-0.09498530353557044,-1
2026-03-09 07:00:00+00:00,9793.19414575708,-0.09523844328022524,-1
2026-03-09 08:00:00+00:00,9798.39414575708,-0.09475803208598965,-1
2026-03-09 09:00:00+00:00,9780.834145757079,-0.09638034373421567,-1
2026-03-09 10:00:00+00:00,9817.07414575708,-0.09303224725746695,-1
2026-03-09 11:00:00+00:00,9815.49414575708,-0.09317821835109996,-1
2026-03-09 12:00:00+00:00,9801.53414575708,-0.09446793763408601,-1
2026-03-09 13:00:00+00:00,9843.514145757079,-0.09058954110831596,-1
2026-03-09 14:00:00+00:00,9803.71414575708,-0.09426653447957956,-1
2026-03-09 15:00:00+00:00,9792.13414575708,-0.09533637325443467,-1
2026-03-09 16:00:00+00:00,9782.03414575708,-0.09626947961246901,-1
2026-03-09 17:00:00+00:00,9799.754145757079,-0.09463238608134361,-1
2026-03-09 18:00:00+00:00,9745.05414575708,-0.09968594229762806,-1
2026-03-09 19:00:00+00:00,9709.27414575708,-0.10299154086104045,-1
2026-03-09 20:00:00+00:00,9714.594145757079,-0.10250004325463036,-1
2026-03-09 22:00:00+00:00,9685.15414575708,-0.10521990970814799,-1
2026-03-09 23:00:00+00:00,9712.15414575708,-0.10272546696884843,-1
2026-03-10 00:00:00+00:00,9729.434145757079,-0.10112902361569687,-1
2026-03-10 01:00:00+00:00,9502.057703633336,-0.12213559825063458,-1
2026-03-10 02:00:00+00:00,9611.39406274543,-0.11203436539401967,-1
2026-03-10 03:00:00+00:00,9628.074062745429,-0.11049335410174144,-1
2026-03-10 04:00:00+00:00,9615.29406274543,-0.1116740569983431,-1
2026-03-10 05:00:00+00:00,9586.97406274543,-0.11429045027156381,-1
2026-03-10 06:00:00+00:00,9592.63406274543,-0.11376754116399224,-1
2026-03-10 07:00:00+00:00,9580.814062745429,-0.11485955276319681,-1
2026-03-10 08:00:00+00:00,9575.75406274543,-0.11532702980989507,-1
2026-03-10 09:00:00+00:00,9577.63406274543,-0.11515334268582522,-1
2026-03-10 10:00:00+00:00,9588.414062745429,-0.11415741332546803,-1
2026-03-10 11:00:00+00:00,9592.55406274543,-0.11377493210544198,-1
2026-03-10 12:00:00+00:00,9568.85406274543,-0.11596449850993829,-1
2026-03-10 13:00:00+00:00,9454.013237433868,-0.12657427120895992,-1
2026-03-10 14:00:00+00:00,9431.666609963982,-0.12863880389933346,-1
2026-03-10 15:00:00+00:00,9290.62688445623,-0.1416690083158374,-1
2026-03-10 16:00:00+00:00,9281.59642505617,-0.1425033032744677,-1
2026-03-10 17:00:00+00:00,9281.236425056171,-0.14253656251099156,-1
2026-03-10 18:00:00+00:00,9544.302992513425,-0.11823269254261437,-1
2026-03-10 19:00:00+00:00,9523.332992513424,-0.12017004307013712,-1
2026-03-10 20:00:00+00:00,9544.332992513424,-0.11822992093957085,-1
2026-03-10 22:00:00+00:00,9551.832992513424,-0.1175370201786543,-1
2026-03-10 23:00:00+00:00,9528.282992513425,-0.11971272856793214,-1
2026-03-11 00:00:00+00:00,9473.142992513425,-0.12480693496219031,-1
2026-03-11 01:00:00+00:00,9493.422992513426,-0.12293333130467199,-1
2026-03-11 02:00:00+00:00,9467.442992513423,-0.1253335395404871,-1
2026-03-11 03:00:00+00:00,9509.502992513426,-0.12144775207326697,-1
2026-03-11 04:00:00+00:00,9506.022992513426,-0.1217692580263322,-1
2026-03-11 05:00:00+00:00,9521.292992513427,-0.12035851207710613,-1
2026-03-11 06:00:00+00:00,9526.842992513424,-0.11984576551402815,-1
2026-03-11 07:00:00+00:00,9532.152992513425,-0.11935519177529907,-1
2026-03-11 08:00:00+00:00,9607.498247106665,-0.11239428721008515,-1
2026-03-11 09:00:00+00:00,9606.898247106667,-0.11244971927095826,-1
2026-03-11 10:00:00+00:00,9611.368247106666,-0.11203675041745209,-1
2026-03-11 11:00:00+00:00,9626.548247106668,-0.1106343192773569,-1
2026-03-11 12:00:00+00:00,9667.468247106668,-0.10685385272579628,-1
2026-03-11 13:00:00+00:00,9686.698074216318,-0.10507727114758703,-1
2026-03-11 14:00:00+00:00,9635.515246983783,-0.109805887138958,-1
2026-03-11 15:00:00+00:00,9669.335246983783,-0.1066813666410652,-1
2026-03-11 16:00:00+00:00,9650.575246983783,-0.10841454241103776,-1
2026-03-11 17:00:00+00:00,9662.315246983782,-0.10732992175328304,-1
2026-03-11 18:00:00+00:00,9656.755246983783,-0.10784359218404249,-1
2026-03-11 19:00:00+00:00,9635.335246983783,-0.1098225167572201,-1
2026-03-11 20:00:00+00:00,9649.295246983782,-0.10853279747423417,-1
2026-03-11 22:00:00+00:00,9896.330175938354,-0.0857100387748233,-1
2026-03-11 23:00:00+00:00,9908.105943594455,-0.08462211365891803,-1
2026-03-12 00:00:00+00:00,9790.44482807135,-0.09549244385575095,-1
2026-03-12 01:00:00+00:00,9734.823661318955,-0.10063110369119088,-1
2026-03-12 02:00:00+00:00,9788.823661318955,-0.09564221821259189,-1
2026-03-12 03:00:00+00:00,9781.293661318952,-0.09633789057655229,-1
2026-03-12 04:00:00+00:00,9812.943661318954,-0.09341384936548447,-1
2026-03-12 05:00:00+00:00,9777.513661318953,-0.09668711256005413,-1
2026-03-12 06:00:00+00:00,9741.96366131895,-0.09997146216679875,-1
2026-03-12 07:00:00+00:00,9647.143107628113,-0.10873162667385305,-1
2026-03-12 08:00:00+00:00,9637.685124542139,-0.1096054191641207,-1
2026-03-12 09:00:00+00:00,9597.04512454214,-0.11336001742060697,-1
2026-03-12 10:00:00+00:00,9620.88512454214,-0.11115751686857367,-1
2026-03-12 11:00:00+00:00,9634.165124542138,-0.10993062058791092,-1
2026-03-12 12:00:00+00:00,9624.685124542139,-0.11080644714970933,-1
2026-03-12 13:00:00+00:00,9745.72512454214,-0.09962395273619784,-1
2026-03-12 14:00:00+00:00,9818.087093130383,-0.0929386643233695,-1
2026-03-12 15:00:00+00:00,9849.887093130385,-0.09000076509708343,-1
2026-03-12 16:00:00+00:00,9876.287093130382,-0.08756175441865743,-1
2026-03-12 17:00:00+00:00,9974.75364296222,-0.07846474811155013,-1
2026-03-12 18:00:00+00:00,10008.113642962218,-0.07538272552699354,-1
2026-03-12 19:00:00+00:00,10036.73364296222,-0.0727386162233361,-1
2026-03-12 20:00:00+00:00,10052.584036541135,-0.07127424958711515,0
2026-03-12 22:00:00+00:00,10052.584036541135,-0.07127424958711515,0
2026-03-12 23:00:00+00:00,10046.464036541136,-0.07183965660802294,-1
2026-03-13 00:00:00+00:00,9999.484036541136,-0.07617998697440398,-1
2026-03-13 01:00:00+00:00,9950.913114368554,-0.08066729749864388,-1
2026-03-13 02:00:00+00:00,9987.243114368554,-0.07731088621276427,-1
2026-03-13 03:00:00+00:00,9976.44311436855,-0.0783086633084844,-1
2026-03-13 04:00:00+00:00,10010.43311436855,-0.07516843706001075,-1
2026-03-13 05:00:00+00:00,10014.393114368553,-0.07480258545824647,-1
2026-03-13 06:00:00+00:00,10058.163114368554,-0.07075881661753769,-1
2026-03-13 07:00:00+00:00,10067.913114368554,-0.06985804562834619,-1
2026-03-13 08:00:00+00:00,10104.111235258013,-0.0665138182272722,-1
2026-03-13 09:00:00+00:00,10097.571235258014,-0.06711802769079134,-1
2026-03-13 10:00:00+00:00,10081.881235258012,-0.06856757608262887,-1
2026-03-13 11:00:00+00:00,10000.934931551801,-0.07604594347348403,-1
2026-03-13 12:00:00+00:00,9927.587147663295,-0.08282230817586889,-1
2026-03-13 13:00:00+00:00,9993.587147663295,-0.07672478147980355,-1
2026-03-13 14:00:00+00:00,10369.284460599101,-0.04201532094546845,-1
2026-03-13 15:00:00+00:00,10287.635306957009,-0.04955862237037456,0
2026-03-13 16:00:00+00:00,10287.635306957009,-0.04955862237037456,0
2026-03-13 17:00:00+00:00,10287.635306957009,-0.04955862237037456,0
2026-03-13 18:00:00+00:00,10287.635306957009,-0.04955862237037456,0
2026-03-13 19:00:00+00:00,10287.635306957009,-0.04955862237037456,0
2026-03-13 20:00:00+00:00,10287.635306957009,-0.04955862237037456,0
2026-03-15 22:00:00+00:00,10287.635306957009,-0.04955862237037456,0
2026-03-15 23:00:00+00:00,10287.635306957009,-0.04955862237037456,0
2026-03-16 00:00:00+00:00,10287.635306957009,-0.04955862237037456,0
2026-03-16 01:00:00+00:00,10287.635306957009,-0.04955862237037456,0
2026-03-16 02:00:00+00:00,10287.635306957009,-0.04955862237037456,0
2026-03-16 03:00:00+00:00,10287.635306957009,-0.04955862237037456,0
2026-03-16 04:00:00+00:00,10287.635306957009,-0.04955862237037456,0
2026-03-16 05:00:00+00:00,10287.635306957009,-0.04955862237037456,0
2026-03-16 06:00:00+00:00,10287.635306957009,-0.04955862237037456,0
2026-03-16 07:00:00+00:00,10287.635306957009,-0.04955862237037456,0
2026-03-16 08:00:00+00:00,10287.635306957009,-0.04955862237037456,0
2026-03-16 09:00:00+00:00,10287.635306957009,-0.04955862237037456,0
2026-03-16 10:00:00+00:00,10287.635306957009,-0.04955862237037456,0
2026-03-16 11:00:00+00:00,10287.635306957009,-0.04955862237037456,0
2026-03-16 12:00:00+00:00,10287.635306957009,-0.04955862237037456,0
2026-03-16 13:00:00+00:00,10287.635306957009,-0.04955862237037456,0
2026-03-16 14:00:00+00:00,10287.635306957009,-0.04955862237037456,0
2026-03-16 15:00:00+00:00,10287.635306957009,-0.04955862237037456,0
2026-03-16 16:00:00+00:00,10287.635306957009,-0.04955862237037456,0
2026-03-16 17:00:00+00:00,10287.635306957009,-0.04955862237037456,0
2026-03-16 18:00:00+00:00,10287.635306957009,-0.04955862237037456,0
2026-03-16 19:00:00+00:00,10287.635306957009,-0.04955862237037456,0
2026-03-16 20:00:00+00:00,10287.635306957009,-0.04955862237037456,0
2026-03-16 22:00:00+00:00,10287.635306957009,-0.04955862237037456,0
2026-03-16 23:00:00+00:00,10287.635306957009,-0.04955862237037456,0
2026-03-17 00:00:00+00:00,10287.635306957009,-0.04955862237037456,0
2026-03-17 01:00:00+00:00,10287.635306957009,-0.04955862237037456,0
2026-03-17 02:00:00+00:00,10287.635306957009,-0.04955862237037456,0
2026-03-17 03:00:00+00:00,10287.635306957009,-0.04955862237037456,0
2026-03-17 04:00:00+00:00,10287.635306957009,-0.04955862237037456,0
2026-03-17 05:00:00+00:00,10322.055306957007,-0.04637866981160854,-1
2026-03-17 06:00:00+00:00,10343.735306957007,-0.044375724678719086,-1
2026-03-17 07:00:00+00:00,10321.115306957008,-0.04646551337364324,-1
2026-03-17 08:00:00+00:00,10314.095306957008,-0.047114068485861194,-1
2026-03-17 09:00:00+00:00,10342.415306957007,-0.044497675212640364,-1
2026-03-17 10:00:00+00:00,10373.443344767353,-0.04163109507816909,0
2026-03-17 11:00:00+00:00,10373.443344767353,-0.04163109507816909,0
2026-03-17 12:00:00+00:00,10373.443344767353,-0.04163109507816909,0
2026-03-17 13:00:00+00:00,10373.443344767353,-0.04163109507816909,0
2026-03-17 14:00:00+00:00,10373.443344767353,-0.04163109507816909,0
2026-03-17 15:00:00+00:00,10373.443344767353,-0.04163109507816909,0
2026-03-17 16:00:00+00:00,10373.443344767353,-0.04163109507816909,0
2026-03-17 17:00:00+00:00,10373.443344767353,-0.04163109507816909,0
2026-03-17 18:00:00+00:00,10373.443344767353,-0.04163109507816909,0
2026-03-17 19:00:00+00:00,10373.443344767353,-0.04163109507816909,0
2026-03-17 20:00:00+00:00,10373.443344767353,-0.04163109507816909,0
2026-03-17 22:00:00+00:00,10373.443344767353,-0.04163109507816909,0
2026-03-17 23:00:00+00:00,10373.443344767353,-0.04163109507816909,0
2026-03-18 00:00:00+00:00,10373.443344767353,-0.04163109507816909,0
2026-03-18 01:00:00+00:00,10373.443344767353,-0.04163109507816909,0
2026-03-18 02:00:00+00:00,10373.443344767353,-0.04163109507816909,0
2026-03-18 03:00:00+00:00,10373.443344767353,-0.04163109507816909,0
2026-03-18 04:00:00+00:00,10373.443344767353,-0.04163109507816909,0
2026-03-18 05:00:00+00:00,10373.443344767353,-0.04163109507816909,0
2026-03-18 06:00:00+00:00,10373.443344767353,-0.04163109507816909,0
2026-03-18 07:00:00+00:00,10373.443344767353,-0.04163109507816909,0
2026-03-18 08:00:00+00:00,10373.443344767353,-0.04163109507816909,0
2026-03-18 09:00:00+00:00,10373.443344767353,-0.04163109507816909,0
2026-03-18 10:00:00+00:00,10373.443344767353,-0.04163109507816909,0
2026-03-18 11:00:00+00:00,10373.443344767353,-0.04163109507816909,0
2026-03-18 12:00:00+00:00,10373.443344767353,-0.04163109507816909,0
2026-03-18 13:00:00+00:00,10373.443344767353,-0.04163109507816909,0
2026-03-18 14:00:00+00:00,10373.443344767353,-0.04163109507816909,0
2026-03-18 15:00:00+00:00,10373.443344767353,-0.04163109507816909,0
2026-03-18 16:00:00+00:00,10373.443344767353,-0.04163109507816909,0
2026-03-18 17:00:00+00:00,10373.443344767353,-0.04163109507816909,0
2026-03-18 18:00:00+00:00,10373.443344767353,-0.04163109507816909,0
2026-03-18 19:00:00+00:00,10373.443344767353,-0.04163109507816909,0
2026-03-18 20:00:00+00:00,10373.443344767353,-0.04163109507816909,0
2026-03-18 22:00:00+00:00,10373.443344767353,-0.04163109507816909,0
2026-03-18 23:00:00+00:00,10373.443344767353,-0.04163109507816909,0
2026-03-19 00:00:00+00:00,10373.443344767353,-0.04163109507816909,0
2026-03-19 01:00:00+00:00,10373.443344767353,-0.04163109507816909,0
2026-03-19 02:00:00+00:00,10373.443344767353,-0.04163109507816909,0
2026-03-19 03:00:00+00:00,10373.443344767353,-0.04163109507816909,0
2026-03-19 04:00:00+00:00,10373.443344767353,-0.04163109507816909,0
2026-03-19 05:00:00+00:00,10373.443344767353,-0.04163109507816909,0
2026-03-19 06:00:00+00:00,10373.443344767353,-0.04163109507816909,0
2026-03-19 07:00:00+00:00,10373.443344767353,-0.04163109507816909,0
2026-03-19 08:00:00+00:00,10373.443344767353,-0.04163109507816909,0
2026-03-19 09:00:00+00:00,10373.443344767353,-0.04163109507816909,0
2026-03-19 10:00:00+00:00,10373.443344767353,-0.04163109507816909,0
2026-03-19 11:00:00+00:00,10373.443344767353,-0.04163109507816909,0
2026-03-19 12:00:00+00:00,10373.443344767353,-0.04163109507816909,0
2026-03-19 13:00:00+00:00,10373.443344767353,-0.04163109507816909,0
2026-03-19 14:00:00+00:00,10373.443344767353,-0.04163109507816909,0
2026-03-19 15:00:00+00:00,10373.443344767353,-0.04163109507816909,0
2026-03-19 16:00:00+00:00,10373.443344767353,-0.04163109507816909,0
2026-03-19 17:00:00+00:00,10373.443344767353,-0.04163109507816909,0
2026-03-19 18:00:00+00:00,10373.443344767353,-0.04163109507816909,0
2026-03-19 19:00:00+00:00,10373.443344767353,-0.04163109507816909,0
2026-03-19 20:00:00+00:00,10373.443344767353,-0.04163109507816909,0
2026-03-19 22:00:00+00:00,10373.443344767353,-0.04163109507816909,0
2026-03-19 23:00:00+00:00,10373.443344767353,-0.04163109507816909,0
2026-03-20 00:00:00+00:00,10373.443344767353,-0.04163109507816909,0
2026-03-20 01:00:00+00:00,10373.443344767353,-0.04163109507816909,0
2026-03-20 02:00:00+00:00,10353.633344767353,-0.043461276954669836,-1
2026-03-20 03:00:00+00:00,10329.524358104098,-0.045688628315189383,0
2026-03-20 04:00:00+00:00,10329.524358104098,-0.045688628315189383,0
2026-03-20 05:00:00+00:00,10329.524358104098,-0.045688628315189383,0
2026-03-20 06:00:00+00:00,10329.524358104098,-0.045688628315189383,0
2026-03-20 07:00:00+00:00,10329.524358104098,-0.045688628315189383,0
2026-03-20 08:00:00+00:00,10329.524358104098,-0.045688628315189383,0
2026-03-20 09:00:00+00:00,10329.524358104098,-0.045688628315189383,0
2026-03-20 10:00:00+00:00,10329.524358104098,-0.045688628315189383,0
2026-03-20 11:00:00+00:00,10329.524358104098,-0.045688628315189383,0
2026-03-20 12:00:00+00:00,10329.524358104098,-0.045688628315189383,0
2026-03-20 13:00:00+00:00,10329.524358104098,-0.045688628315189383,0
2026-03-20 14:00:00+00:00,10329.524358104098,-0.045688628315189383,0
2026-03-20 15:00:00+00:00,10329.524358104098,-0.045688628315189383,0
2026-03-20 16:00:00+00:00,10329.524358104098,-0.045688628315189383,0
2026-03-20 17:00:00+00:00,10329.524358104098,-0.045688628315189383,0
2026-03-20 18:00:00+00:00,10329.524358104098,-0.045688628315189383,0
2026-03-20 19:00:00+00:00,10329.524358104098,-0.045688628315189383,0
2026-03-20 20:00:00+00:00,10329.524358104098,-0.045688628315189383,0
2026-03-22 22:00:00+00:00,10329.524358104098,-0.045688628315189383,0
2026-03-22 23:00:00+00:00,10329.524358104098,-0.045688628315189383,0
2026-03-23 00:00:00+00:00,10329.524358104098,-0.045688628315189383,0
2026-03-23 01:00:00+00:00,10329.524358104098,-0.045688628315189383,0
2026-03-23 02:00:00+00:00,10329.524358104098,-0.045688628315189383,0
2026-03-23 03:00:00+00:00,10329.524358104098,-0.045688628315189383,0
2026-03-23 04:00:00+00:00,10329.524358104098,-0.045688628315189383,0
2026-03-23 05:00:00+00:00,10329.524358104098,-0.045688628315189383,0
2026-03-23 06:00:00+00:00,10329.524358104098,-0.045688628315189383,0
2026-03-23 07:00:00+00:00,10329.524358104098,-0.045688628315189383,0
2026-03-23 08:00:00+00:00,10329.524358104098,-0.045688628315189383,0
2026-03-23 09:00:00+00:00,10329.524358104098,-0.045688628315189383,0
2026-03-23 10:00:00+00:00,10329.524358104098,-0.045688628315189383,0
2026-03-23 11:00:00+00:00,10329.524358104098,-0.045688628315189383,0
2026-03-23 12:00:00+00:00,10329.524358104098,-0.045688628315189383,0
2026-03-23 13:00:00+00:00,10329.524358104098,-0.045688628315189383,0
2026-03-23 14:00:00+00:00,10329.524358104098,-0.045688628315189383,0
2026-03-23 15:00:00+00:00,10329.524358104098,-0.045688628315189383,0
2026-03-23 16:00:00+00:00,10329.524358104098,-0.045688628315189383,0
2026-03-23 17:00:00+00:00,10329.524358104098,-0.045688628315189383,0
2026-03-23 18:00:00+00:00,10329.524358104098,-0.045688628315189383,0
2026-03-23 19:00:00+00:00,10329.524358104098,-0.045688628315189383,0
2026-03-23 20:00:00+00:00,10329.524358104098,-0.045688628315189383,0
2026-03-23 22:00:00+00:00,10329.524358104098,-0.045688628315189383,0
2026-03-23 23:00:00+00:00,10329.524358104098,-0.045688628315189383,0
2026-03-24 00:00:00+00:00,10329.524358104098,-0.045688628315189383,0
2026-03-24 01:00:00+00:00,10329.524358104098,-0.045688628315189383,0
2026-03-24 02:00:00+00:00,10329.524358104098,-0.045688628315189383,0
2026-03-24 03:00:00+00:00,10329.524358104098,-0.045688628315189383,0
2026-03-24 04:00:00+00:00,10329.524358104098,-0.045688628315189383,0
2026-03-24 05:00:00+00:00,10329.524358104098,-0.045688628315189383,0
2026-03-24 06:00:00+00:00,10329.524358104098,-0.045688628315189383,0
2026-03-24 07:00:00+00:00,10329.524358104098,-0.045688628315189383,0
2026-03-24 08:00:00+00:00,10329.524358104098,-0.045688628315189383,0
2026-03-24 09:00:00+00:00,10329.524358104098,-0.045688628315189383,0
2026-03-24 10:00:00+00:00,10329.524358104098,-0.045688628315189383,0
2026-03-24 11:00:00+00:00,10329.524358104098,-0.045688628315189383,0
2026-03-24 12:00:00+00:00,10329.524358104098,-0.045688628315189383,0
2026-03-24 13:00:00+00:00,10329.524358104098,-0.045688628315189383,0
2026-03-24 14:00:00+00:00,10329.524358104098,-0.045688628315189383,0
2026-03-24 15:00:00+00:00,10329.524358104098,-0.045688628315189383,0
2026-03-24 16:00:00+00:00,10329.524358104098,-0.045688628315189383,0
2026-03-24 17:00:00+00:00,10329.524358104098,-0.045688628315189383,0
2026-03-24 18:00:00+00:00,10329.524358104098,-0.045688628315189383,0
2026-03-24 19:00:00+00:00,10329.524358104098,-0.045688628315189383,0
2026-03-24 20:00:00+00:00,10329.524358104098,-0.045688628315189383,0
2026-03-24 22:00:00+00:00,10329.524358104098,-0.045688628315189383,0
2026-03-24 23:00:00+00:00,10329.524358104098,-0.045688628315189383,0
2026-03-25 00:00:00+00:00,10312.734358104099,-0.047239802151961,-1
2026-03-25 01:00:00+00:00,10245.227650244316,-0.05347652871769604,-1
2026-03-25 02:00:00+00:00,10256.387650244316,-0.052445492385452264,-1
2026-03-25 03:00:00+00:00,10270.017650244316,-0.051186260735946676,-1
2026-03-25 04:00:00+00:00,10267.307650244316,-0.051436628877557844,-1
2026-03-25 05:00:00+00:00,10284.477650244316,-0.04985034806889954,-1
2026-03-25 06:00:00+00:00,10294.657650244317,-0.048909850769415564,-1
2026-03-25 07:00:00+00:00,10300.727650244316,-0.04834906308691378,-1
2026-03-25 08:00:00+00:00,10284.007650244317,-0.04989376984991689,-1
2026-03-25 09:00:00+00:00,10288.227650244316,-0.04950389768844132,-1
2026-03-25 10:00:00+00:00,10281.267650244317,-0.0501469095945718,-1
2026-03-25 11:00:00+00:00,10261.247650244315,-0.05199649269237849,-1
2026-03-25 12:00:00+00:00,10296.107650244316,-0.04877588995563842,-1
2026-03-25 13:00:00+00:00,10295.487650244315,-0.04883316975187424,-1
2026-03-25 14:00:00+00:00,10273.057650244316,-0.05090540496085516,-1
2026-03-25 15:00:00+00:00,10281.107650244316,-0.050161691477471515,-1
2026-03-25 16:00:00+00:00,10284.747650244317,-0.04982540364150656,-1
2026-03-25 17:00:00+00:00,10289.267650244317,-0.04940781544959416,-1
2026-03-25 18:00:00+00:00,10301.947650244316,-0.04823635122980474,-1
2026-03-25 19:00:00+00:00,10309.197650244316,-0.04756654716091879,-1
2026-03-25 20:00:00+00:00,10334.457650244316,-0.04523285739815186,-1
2026-03-25 22:00:00+00:00,10322.587650244317,-0.04632948833576234,-1
2026-03-25 23:00:00+00:00,10341.897650244317,-0.04454549984332268,-1
2026-03-26 00:00:00+00:00,10304.407650244317,-0.04800907978022406,-1
2026-03-26 01:00:00+00:00,10304.547650244316,-0.04799614563268695,-1
2026-03-26 02:00:00+00:00,10330.787650244316,-0.04557191683716044,0
2026-03-26 03:00:00+00:00,10330.787650244316,-0.04557191683716044,0
2026-03-26 04:00:00+00:00,10330.787650244316,-0.04557191683716044,0
2026-03-26 05:00:00+00:00,10330.787650244316,-0.04557191683716044,0
2026-03-26 06:00:00+00:00,10330.787650244316,-0.04557191683716044,0
2026-03-26 07:00:00+00:00,10330.787650244316,-0.04557191683716044,0
2026-03-26 08:00:00+00:00,10330.787650244316,-0.04557191683716044,0
2026-03-26 09:00:00+00:00,10330.787650244316,-0.04557191683716044,0
2026-03-26 10:00:00+00:00,10330.787650244316,-0.04557191683716044,0
2026-03-26 11:00:00+00:00,10330.787650244316,-0.04557191683716044,0
2026-03-26 12:00:00+00:00,10330.787650244316,-0.04557191683716044,0
2026-03-26 13:00:00+00:00,10330.787650244316,-0.04557191683716044,0
2026-03-26 14:00:00+00:00,10330.787650244316,-0.04557191683716044,0
2026-03-26 15:00:00+00:00,10330.787650244316,-0.04557191683716044,0
2026-03-26 16:00:00+00:00,10330.787650244316,-0.04557191683716044,0
2026-03-26 17:00:00+00:00,10330.787650244316,-0.04557191683716044,0
2026-03-26 18:00:00+00:00,10330.787650244316,-0.04557191683716044,0
2026-03-26 19:00:00+00:00,10330.787650244316,-0.04557191683716044,0
2026-03-26 20:00:00+00:00,10330.787650244316,-0.04557191683716044,0
2026-03-26 22:00:00+00:00,10330.787650244316,-0.04557191683716044,0
2026-03-26 23:00:00+00:00,10330.787650244316,-0.04557191683716044,0
2026-03-27 00:00:00+00:00,10330.787650244316,-0.04557191683716044,0
2026-03-27 01:00:00+00:00,10330.787650244316,-0.04557191683716044,0
2026-03-27 02:00:00+00:00,10330.787650244316,-0.04557191683716044,0
2026-03-27 03:00:00+00:00,10330.787650244316,-0.04557191683716044,0
2026-03-27 04:00:00+00:00,10330.787650244316,-0.04557191683716044,0
2026-03-27 05:00:00+00:00,10330.787650244316,-0.04557191683716044,0
2026-03-27 06:00:00+00:00,10325.277650244316,-0.04608096792951377,-1
2026-03-27 07:00:00+00:00,10337.117650244316,-0.04498710859494681,-1
2026-03-27 08:00:00+00:00,10360.717650244316,-0.04280678086726286,-1
2026-03-27 09:00:00+00:00,10355.927650244315,-0.04324931348656824,-1
2026-03-27 10:00:00+00:00,10369.927650244315,-0.04195589873285743,-1
2026-03-27 11:00:00+00:00,10364.717650244314,-0.042437233794774154,-1
2026-03-27 12:00:00+00:00,10347.037650244316,-0.04407063185517457,-1
2026-03-27 13:00:00+00:00,10353.547650244316,-0.04346919399469906,-1
2026-03-27 14:00:00+00:00,10295.081138798052,-0.048870726030599165,0
2026-03-27 15:00:00+00:00,10295.081138798052,-0.048870726030599165,0
2026-03-27 16:00:00+00:00,10303.071138798052,-0.048132555753302775,-1
2026-03-27 17:00:00+00:00,10332.241138798052,-0.04543763372717813,-1
2026-03-27 18:00:00+00:00,10302.371138798051,-0.04819722649098834,-1
2026-03-27 19:00:00+00:00,10304.741138798052,-0.04797826985053866,-1
2026-03-27 20:00:00+00:00,10314.141138798052,-0.047109834230189995,-1
2026-03-29 22:00:00+00:00,10334.781138798051,-0.04520297133614781,-1
2026-03-29 23:00:00+00:00,10366.090739596986,-0.042310378507137814,0
2026-03-30 00:00:00+00:00,10366.090739596986,-0.042310378507137814,0
2026-03-30 01:00:00+00:00,10366.090739596986,-0.042310378507137814,0
2026-03-30 02:00:00+00:00,10366.090739596986,-0.042310378507137814,0
2026-03-30 03:00:00+00:00,10366.090739596986,-0.042310378507137814,0
2026-03-30 04:00:00+00:00,10366.090739596986,-0.042310378507137814,0
2026-03-30 05:00:00+00:00,10366.090739596986,-0.042310378507137814,0
2026-03-30 06:00:00+00:00,10366.090739596986,-0.042310378507137814,0
2026-03-30 07:00:00+00:00,10371.190739596987,-0.04183920598971458,-1
2026-03-30 08:00:00+00:00,10360.300739596987,-0.04284529789456526,-1
2026-03-30 09:00:00+00:00,10366.130739596985,-0.04230668303641305,-1
2026-03-30 10:00:00+00:00,10366.130739596985,-0.04230668303641305,-1
2026-03-30 11:00:00+00:00,10275.814992112097,-0.05065066305708288,-1
2026-03-30 12:00:00+00:00,10249.05225919269,-0.05312318545762462,-1
2026-03-30 13:00:00+00:00,10341.13225919269,-0.044616211848932164,-1
2026-03-30 14:00:00+00:00,10310.272259192689,-0.04746726751318342,-1
2026-03-30 15:00:00+00:00,10291.15225919269,-0.049233702519679845,-1
2026-03-30 16:00:00+00:00,10308.17225919269,-0.0476612797262399,-1
2026-03-30 17:00:00+00:00,10357.75225919269,-0.04308074376274107,-1
2026-03-30 18:00:00+00:00,10389.83225919269,-0.040116976241380775,-1
2026-03-30 19:00:00+00:00,10396.694477471592,-0.03948299807244393,0
2026-03-30 20:00:00+00:00,10396.694477471592,-0.03948299807244393,0
2026-03-30 22:00:00+00:00,10396.694477471592,-0.03948299807244393,0
2026-03-30 23:00:00+00:00,10396.694477471592,-0.03948299807244393,0
2026-03-31 00:00:00+00:00,10396.694477471592,-0.03948299807244393,0
2026-03-31 01:00:00+00:00,10281.874477471592,-0.05009084678823528,-1
2026-03-31 02:00:00+00:00,10367.97957132742,-0.04213587544803643,-1
2026-03-31 03:00:00+00:00,10379.269571327419,-0.04109282883593679,-1
2026-03-31 04:00:00+00:00,10371.70957132742,-0.04179127280294059,-1
2026-03-31 05:00:00+00:00,10367.64957132742,-0.04216636308151678,-1
2026-03-31 06:00:00+00:00,10379.27957132742,-0.04109190496825543,-1
2026-03-31 07:00:00+00:00,10371.94957132742,-0.04176909997859135,-1
2026-03-31 08:00:00+00:00,10367.78957132742,-0.042153428933979664,-1
2026-03-31 09:00:00+00:00,10380.86957132742,-0.040945010006941285,-1
2026-03-31 10:00:00+00:00,10411.78341274701,-0.03808898010794293,-1
2026-03-31 11:00:00+00:00,10372.601626847238,-0.041708858676479,0
2026-03-31 12:00:00+00:00,10387.821626847237,-0.04030273206565915,-1
2026-03-31 13:00:00+00:00,10322.561626847239,-0.04633189255331405,-1
2026-03-31 14:00:00+00:00,10325.891404224161,-0.04602426518289371,-1
2026-03-31 15:00:00+00:00,10305.17140422416,-0.04793851901838586,-1
2026-03-31 16:00:00+00:00,10184.850957166507,-0.05905453626106105,-1
2026-03-31 17:00:00+00:00,10146.003428836186,-0.06264353385303512,-1
2026-03-31 18:00:00+00:00,10120.343428836186,-0.0650141783230509,-1
2026-03-31 19:00:00+00:00,10080.305009672315,-0.06871319847032298,-1
2026-03-31 20:00:00+00:00,10107.505009672313,-0.06620027837739917,-1
2026-03-31 22:00:00+00:00,10084.385009672314,-0.06833626045638441,-1
2026-03-31 23:00:00+00:00,10017.080148250405,-0.07455433908206743,-1
2026-04-01 00:00:00+00:00,9937.664032891833,-0.08189133731686593,-1
2026-04-01 01:00:00+00:00,9992.174032891831,-0.07685533458652472,-1
2026-04-01 02:00:00+00:00,10016.98403289183,-0.07456321886941297,-1
2026-04-01 03:00:00+00:00,10024.63403289183,-0.07385646009327818,-1
2026-04-01 04:00:00+00:00,10041.284032891832,-0.07231822040404334,-1
2026-04-01 05:00:00+00:00,10017.554032891832,-0.07451055841158316,-1
2026-04-01 06:00:00+00:00,9751.591229356669,-0.09908200227091735,-1
2026-04-01 07:00:00+00:00,9839.490436148595,-0.0909612786349061,-1
2026-04-01 08:00:00+00:00,9808.350436148596,-0.09383820259423137,-1
2026-04-01 09:00:00+00:00,9819.130436148596,-0.09284227323387395,-1
2026-04-01 10:00:00+00:00,9802.930436148596,-0.0943389388774537,-1
2026-04-01 11:00:00+00:00,9698.646611781696,-0.10397338437813497,-1
2026-04-01 12:00:00+00:00,9754.106611781697,-0.09884961421807759,-1
2026-04-01 13:00:00+00:00,9727.206611781698,-0.10133481828056479,-1
2026-04-01 14:00:00+00:00,9630.510566703006,-0.11026825337558399,-1
2026-04-01 15:00:00+00:00,9572.899542272287,-0.1155907497309473,-1
2026-04-01 16:00:00+00:00,9571.499542272288,-0.11572009120631832,-1
2026-04-01 17:00:00+00:00,9586.18787672948,-0.11436308345672042,-1
2026-04-01 18:00:00+00:00,9628.887876729481,-0.1104181684579022,-1
2026-04-01 19:00:00+00:00,9602.52787672948,-0.11285348366560355,-1
2026-04-01 20:00:00+00:00,9618.96787672948,-0.11133464519767444,-1
2026-04-01 22:00:00+00:00,9582.04787672948,-0.11474556467674624,-1
2026-04-01 23:00:00+00:00,9566.727876729481,-0.11616092996437832,-1
2026-04-02 00:00:00+00:00,9565.66787672948,-0.11625885993858798,-1
2026-04-02 01:00:00+00:00,9854.610442818615,-0.08956439008467676,-1
2026-04-02 02:00:00+00:00,9789.599760444635,-0.09557051692262786,0
2026-04-02 03:00:00+00:00,9789.599760444635,-0.09557051692262786,0
2026-04-02 04:00:00+00:00,9789.599760444635,-0.09557051692262786,0
2026-04-02 05:00:00+00:00,9789.599760444635,-0.09557051692262786,0
2026-04-02 06:00:00+00:00,9789.599760444635,-0.09557051692262786,0
2026-04-02 07:00:00+00:00,9789.599760444635,-0.09557051692262786,0
2026-04-02 08:00:00+00:00,9811.479760444636,-0.09354909443611392,-1
2026-04-02 09:00:00+00:00,9810.469760444634,-0.09364240507191757,-1
2026-04-02 10:00:00+00:00,9811.709760444635,-0.09352784547944593,-1
2026-04-02 11:00:00+00:00,9832.129760444634,-0.09164130767439072,-1
2026-04-02 12:00:00+00:00,9830.679760444635,-0.09177526848816775,-1
2026-04-02 13:00:00+00:00,9785.909760444636,-0.09591142409699871,-1
2026-04-02 14:00:00+00:00,9713.008755918132,-0.10264651229806443,-1
2026-04-02 15:00:00+00:00,9733.528755918132,-0.10075073581619687,-1
2026-04-02 16:00:00+00:00,9735.308755918133,-0.10058628736893926,-1
2026-04-02 17:00:00+00:00,9745.848755918132,-0.09961253083293131,-1
2026-04-02 18:00:00+00:00,9726.048755918131,-0.10144178884175103,-1
2026-04-02 19:00:00+00:00,9722.448755918133,-0.10177438120699078,-1
2026-04-02 20:00:00+00:00,9718.328755918132,-0.10215501469165433,-1
2026-04-05 22:00:00+00:00,9748.788755918133,-0.09934091373465204,-1
2026-04-05 23:00:00+00:00,9783.778755918132,-0.0961083007180561,-1
2026-04-06 00:00:00+00:00,9772.338755918132,-0.0971652053453742,-1
2026-04-06 01:00:00+00:00,9768.61875591813,-0.09750888412278891,-1
2026-04-06 02:00:00+00:00,9746.658755918132,-0.09953769755075237,-1
2026-04-06 03:00:00+00:00,9754.158755918132,-0.09884479678983582,-1
2026-04-06 04:00:00+00:00,9735.61875591813,-0.10055764747082163,-1
2026-04-06 05:00:00+00:00,9742.11875591813,-0.09995713347802726,-1
2026-04-06 06:00:00+00:00,9728.608755918132,-0.10120527871535812,-1
2026-04-06 07:00:00+00:00,9688.550982902962,-0.10490608690240255,-1
2026-04-06 08:00:00+00:00,9677.36098290296,-0.10593989483769017,-1
2026-04-06 09:00:00+00:00,9677.621880773848,-0.10591579132658879,-1
2026-04-06 10:00:00+00:00,9685.401880773847,-0.10519702227059813,-1
2026-04-06 11:00:00+00:00,9708.901880773847,-0.10302593321972642,-1
2026-04-06 12:00:00+00:00,9713.061880773846,-0.1026416042643381,-1
2026-04-06 13:00:00+00:00,9704.981880773847,-0.10338808935076549,-1
2026-04-06 14:00:00+00:00,9699.021880773847,-0.10393871448877368,-1
2026-04-06 15:00:00+00:00,9728.641880773846,-0.10120221841699417,-1
2026-04-06 16:00:00+00:00,9744.201880773848,-0.09976468030501251,-1
2026-04-06 17:00:00+00:00,9757.501880773847,-0.09853593628898727,-1
2026-04-06 18:00:00+00:00,9747.981880773847,-0.09941545832151077,-1
2026-04-06 19:00:00+00:00,9754.121880773848,-0.09884820356524027,-1
2026-04-06 20:00:00+00:00,9767.421880773847,-0.09761945954921503,-1
2026-04-06 22:00:00+00:00,9748.001880773847,-0.09941361058614828,-1
2026-04-06 23:00:00+00:00,9747.161880773847,-0.09949121547137085,-1
2026-04-07 00:00:00+00:00,9754.981880773847,-0.09876875094465531,-1
2026-04-07 01:00:00+00:00,9861.326743219155,-0.08894389279693304,-1
2026-04-07 02:00:00+00:00,9814.186743219156,-0.09329900504621358,-1
2026-04-07 03:00:00+00:00,9815.906743219155,-0.09314009980504345,-1
2026-04-07 04:00:00+00:00,9794.986743219155,-0.09507283099415997,-1
2026-04-07 05:00:00+00:00,9829.406743219155,-0.09189287843539373,-1
2026-04-07 06:00:00+00:00,9808.266743219156,-0.093845934713497,-1
2026-04-07 07:00:00+00:00,9822.966743219155,-0.09248784922210074,-1
2026-04-07 08:00:00+00:00,9761.866952532228,-0.09813266141660903,0
2026-04-07 09:00:00+00:00,9785.626952532226,-0.09593755180602559,-1
2026-04-07 10:00:00+00:00,9823.506952532227,-0.09243794102955649,-1
2026-04-07 11:00:00+00:00,9861.566155688075,-0.08892177425268133,0
2026-04-07 12:00:00+00:00,9861.566155688075,-0.08892177425268133,0
2026-04-07 13:00:00+00:00,9861.566155688075,-0.08892177425268133,0
2026-04-07 14:00:00+00:00,9861.566155688075,-0.08892177425268133,0
2026-04-07 15:00:00+00:00,9861.566155688075,-0.08892177425268133,0
2026-04-07 16:00:00+00:00,9861.566155688075,-0.08892177425268133,0
2026-04-07 17:00:00+00:00,9842.736155688075,-0.09066141709642239,-1
2026-04-07 18:00:00+00:00,9833.067411654392,-0.09155468110949516,0
2026-04-07 19:00:00+00:00,9833.067411654392,-0.09155468110949516,0
2026-04-07 20:00:00+00:00,9832.927411654393,-0.09156761525703228,-1
2026-04-07 22:00:00+00:00,9706.128187659493,-0.1032821857623244,-1
2026-04-07 23:00:00+00:00,9757.230336807088,-0.09856102335847927,-1
2026-04-08 00:00:00+00:00,9753.350761327209,-0.09891944479875148,-1
2026-04-08 01:00:00+00:00,9760.80076132721,-0.09823116337624094,-1
2026-04-08 02:00:00+00:00,9767.000761327208,-0.0976583654138834,-1
2026-04-08 03:00:00+00:00,9773.520761327209,-0.09705600368572664,-1
2026-04-08 04:00:00+00:00,9767.280761327209,-0.09763249711880917,-1
2026-04-08 05:00:00+00:00,9743.500761327208,-0.09982945446475522,-1
2026-04-08 06:00:00+00:00,9751.020761327209,-0.09913470596847618,-1
2026-04-08 07:00:00+00:00,9757.560761327208,-0.09853049650495704,-1
2026-04-08 08:00:00+00:00,9777.220761327208,-0.09671417264367455,-1
2026-04-08 09:00:00+00:00,9787.82076132721,-0.095734872901579,-1
2026-04-08 10:00:00+00:00,9788.540761327207,-0.09566835442853128,-1
2026-04-08 11:00:00+00:00,9772.620761327209,-0.09713915177703658,-1
2026-04-08 12:00:00+00:00,9771.370761327209,-0.09725463523718936,-1
2026-04-08 13:00:00+00:00,9793.250761327208,-0.09523321275067564,-1
2026-04-08 14:00:00+00:00,9805.32140150413,-0.09411804531556378,0
2026-04-08 15:00:00+00:00,9805.32140150413,-0.09411804531556378,0
2026-04-08 16:00:00+00:00,9805.32140150413,-0.09411804531556378,0
2026-04-08 17:00:00+00:00,9805.32140150413,-0.09411804531556378,0
2026-04-08 18:00:00+00:00,9805.32140150413,-0.09411804531556378,0
2026-04-08 19:00:00+00:00,9805.32140150413,-0.09411804531556378,0
2026-04-08 20:00:00+00:00,9805.32140150413,-0.09411804531556378,0
2026-04-08 22:00:00+00:00,9805.32140150413,-0.09411804531556378,0
2026-04-08 23:00:00+00:00,9805.32140150413,-0.09411804531556378,0
2026-04-09 00:00:00+00:00,9805.32140150413,-0.09411804531556378,0
2026-04-09 01:00:00+00:00,9805.32140150413,-0.09411804531556378,0
2026-04-09 02:00:00+00:00,9805.32140150413,-0.09411804531556378,0
2026-04-09 03:00:00+00:00,9805.32140150413,-0.09411804531556378,0
2026-04-09 04:00:00+00:00,9805.32140150413,-0.09411804531556378,0
2026-04-09 05:00:00+00:00,9805.32140150413,-0.09411804531556378,0
2026-04-09 06:00:00+00:00,9805.32140150413,-0.09411804531556378,0
2026-04-09 07:00:00+00:00,9805.32140150413,-0.09411804531556378,0
2026-04-09 08:00:00+00:00,9805.32140150413,-0.09411804531556378,0
2026-04-09 09:00:00+00:00,9805.32140150413,-0.09411804531556378,0
2026-04-09 10:00:00+00:00,9805.32140150413,-0.09411804531556378,0
2026-04-09 11:00:00+00:00,9805.32140150413,-0.09411804531556378,0
2026-04-09 12:00:00+00:00,9826.841401504129,-0.09212988206557404,-1
2026-04-09 13:00:00+00:00,9789.94140150413,-0.09553895380928334,-1
2026-04-09 14:00:00+00:00,9781.48140150413,-0.09632054586759708,-1
2026-04-09 15:00:00+00:00,9757.833008426403,-0.09850534447533177,0
2026-04-09 16:00:00+00:00,9766.793008426403,-0.09767755903295683,-1
2026-04-09 17:00:00+00:00,9748.873008426403,-0.09933312991770671,-1
2026-04-09 18:00:00+00:00,9800.333008426403,-0.09457890683013814,-1
2026-04-09 19:00:00+00:00,9806.913008426403,-0.09397100189589402,-1
2026-04-09 20:00:00+00:00,9818.293008426403,-0.09291964047466339,-1
2026-04-09 22:00:00+00:00,9816.233008426403,-0.09310995721699511,-1
2026-04-09 23:00:00+00:00,9817.173008426404,-0.09302311365496019,-1
2026-04-10 00:00:00+00:00,9818.553008426403,-0.09289561991495165,-1
2026-04-10 01:00:00+00:00,9815.473008426403,-0.09318017116076804,-1
2026-04-10 02:00:00+00:00,9859.802100195097,-0.0890847496384658,0
2026-04-10 03:00:00+00:00,9859.802100195097,-0.0890847496384658,0
2026-04-10 04:00:00+00:00,9859.802100195097,-0.0890847496384658,0
2026-04-10 05:00:00+00:00,9859.802100195097,-0.0890847496384658,0
2026-04-10 06:00:00+00:00,9859.802100195097,-0.0890847496384658,0
2026-04-10 07:00:00+00:00,9859.802100195097,-0.0890847496384658,0
2026-04-10 08:00:00+00:00,9859.802100195097,-0.0890847496384658,0
2026-04-10 09:00:00+00:00,9859.802100195097,-0.0890847496384658,0
2026-04-10 10:00:00+00:00,9859.802100195097,-0.0890847496384658,0
2026-04-10 11:00:00+00:00,9859.802100195097,-0.0890847496384658,0
2026-04-10 12:00:00+00:00,9852.342100195097,-0.08977395492865736,-1
2026-04-10 13:00:00+00:00,9845.922100195097,-0.09036707798000199,-1
2026-04-10 14:00:00+00:00,9819.575797733694,-0.09280112771638105,0
2026-04-10 15:00:00+00:00,9819.575797733694,-0.09280112771638105,0
2026-04-10 16:00:00+00:00,9819.575797733694,-0.09280112771638105,0
2026-04-10 17:00:00+00:00,9819.575797733694,-0.09280112771638105,0
2026-04-10 18:00:00+00:00,9819.575797733694,-0.09280112771638105,0
2026-04-10 19:00:00+00:00,9819.575797733694,-0.09280112771638105,0
2026-04-10 20:00:00+00:00,9819.575797733694,-0.09280112771638105,0
2026-04-12 22:00:00+00:00,9819.575797733694,-0.09280112771638105,0
2026-04-12 23:00:00+00:00,9819.575797733694,-0.09280112771638105,0
2026-04-13 00:00:00+00:00,9819.575797733694,-0.09280112771638105,0
2026-04-13 01:00:00+00:00,9819.575797733694,-0.09280112771638105,0
2026-04-13 02:00:00+00:00,9819.575797733694,-0.09280112771638105,0
2026-04-13 03:00:00+00:00,9819.575797733694,-0.09280112771638105,0
2026-04-13 04:00:00+00:00,9819.575797733694,-0.09280112771638105,0
2026-04-13 05:00:00+00:00,9819.575797733694,-0.09280112771638105,0
2026-04-13 06:00:00+00:00,9819.575797733694,-0.09280112771638105,0
2026-04-13 07:00:00+00:00,9819.575797733694,-0.09280112771638105,0
2026-04-13 08:00:00+00:00,9819.575797733694,-0.09280112771638105,0
2026-04-13 09:00:00+00:00,9819.575797733694,-0.09280112771638105,0
2026-04-13 10:00:00+00:00,9819.575797733694,-0.09280112771638105,0
2026-04-13 11:00:00+00:00,9819.575797733694,-0.09280112771638105,0
2026-04-13 12:00:00+00:00,9819.575797733694,-0.09280112771638105,0
2026-04-13 13:00:00+00:00,9819.575797733694,-0.09280112771638105,0
2026-04-13 14:00:00+00:00,9819.575797733694,-0.09280112771638105,0
2026-04-13 15:00:00+00:00,9819.575797733694,-0.09280112771638105,0
2026-04-13 16:00:00+00:00,9819.575797733694,-0.09280112771638105,0
2026-04-13 17:00:00+00:00,9819.575797733694,-0.09280112771638105,0
2026-04-13 18:00:00+00:00,9819.575797733694,-0.09280112771638105,0
2026-04-13 19:00:00+00:00,9819.575797733694,-0.09280112771638105,0
2026-04-13 20:00:00+00:00,9819.575797733694,-0.09280112771638105,0
2026-04-13 22:00:00+00:00,9792.875797733694,-0.09526785442524388,-1
2026-04-13 23:00:00+00:00,9793.635797733694,-0.09519764048147106,-1
2026-04-14 00:00:00+00:00,9740.359666495124,-0.10011965006465684,-1
2026-04-14 01:00:00+00:00,9733.624152465714,-0.1007419224374757,-1
2026-04-14 02:00:00+00:00,9702.874152465714,-0.10358281555723348,-1
2026-04-14 03:00:00+00:00,9724.054152465713,-0.10162606380840533,-1
2026-04-14 04:00:00+00:00,9705.904152465711,-0.10330288364982343,-1
2026-04-14 05:00:00+00:00,9748.474152465713,-0.09936997893086119,-1
2026-04-14 06:00:00+00:00,9681.934152465714,-0.10551739448171249,-1
2026-04-14 07:00:00+00:00,9674.503318009834,-0.10620390526154222,-1
2026-04-14 08:00:00+00:00,9646.033318009831,-0.10883415654998163,-1
2026-04-14 09:00:00+00:00,9671.443318009833,-0.10648660877199634,-1
2026-04-14 10:00:00+00:00,9701.083318009834,-0.10374826496485412,-1
2026-04-14 11:00:00+00:00,9681.523318009835,-0.10555535014932438,-1
2026-04-14 12:00:00+00:00,9692.293318009833,-0.10456034465664832,-1
2026-04-14 13:00:00+00:00,9605.367799367095,-0.11259111239139719,0
2026-04-14 14:00:00+00:00,9605.367799367095,-0.11259111239139719,0
2026-04-14 15:00:00+00:00,9596.847799367095,-0.1133782476557984,-1
2026-04-14 16:00:00+00:00,9592.707799367094,-0.11376072887582445,-1
2026-04-14 17:00:00+00:00,9464.28092025963,-0.1256256731765838,-1
2026-04-14 18:00:00+00:00,9479.331506288596,-0.1242351981750226,-1
2026-04-14 19:00:00+00:00,9451.521506288595,-0.1268044741965012,-1
2026-04-14 20:00:00+00:00,9462.681506288594,-0.12577343786425743,-1
2026-04-14 22:00:00+00:00,9480.921506288594,-0.12408830321370845,-1
2026-04-14 23:00:00+00:00,9474.891506288594,-0.12464539542548536,-1
2026-04-15 00:00:00+00:00,9480.201506288595,-0.1241548216867564,-1
2026-04-15 01:00:00+00:00,9357.573521558767,-0.13548402487728406,-1
2026-04-15 02:00:00+00:00,9444.811518104649,-0.12742438831895408,-1
2026-04-15 03:00:00+00:00,9444.511518104646,-0.12745210434939103,-1
2026-04-15 04:00:00+00:00,9439.761518104646,-0.12789094149797142,-1
2026-04-15 05:00:00+00:00,9465.761518104646,-0.12548888552679416,-1
2026-04-15 06:00:00+00:00,9505.861518104648,-0.12178417612509362,-1
2026-04-15 07:00:00+00:00,9516.855238805167,-0.12076850179993459,-1
2026-04-15 08:00:00+00:00,9488.095238805168,-0.12342554525112903,-1
2026-04-15 09:00:00+00:00,9569.055238805167,-0.11594591250395547,-1
2026-04-15 10:00:00+00:00,9561.455238805169,-0.11664805194168415,-1
2026-04-15 11:00:00+00:00,9511.095238805168,-0.1213006495843183,-1
2026-04-15 12:00:00+00:00,9515.255238805168,-0.12091632062892999,-1
2026-04-15 13:00:00+00:00,9371.512064279628,-0.13419628796297034,-1
2026-04-15 14:00:00+00:00,9436.034407052357,-0.12823527724252504,-1
2026-04-15 15:00:00+00:00,9603.248254187109,-0.11278693032046516,-1
2026-04-15 16:00:00+00:00,9593.80825418711,-0.1136590614115387,-1
2026-04-15 17:00:00+00:00,9639.28825418711,-0.10945731119734092,-1
2026-04-15 18:00:00+00:00,9610.32825418711,-0.11213283200215984,-1
2026-04-15 19:00:00+00:00,9626.16825418711,-0.11066942559510418,-1
2026-04-15 20:00:00+00:00,9646.208254187111,-0.1088179947619351,-1
2026-04-15 22:00:00+00:00,9578.96825418711,-0.11503008105047219,-1
2026-04-15 23:00:00+00:00,9515.768254187109,-0.12086892479579547,-1
2026-04-16 00:00:00+00:00,9444.935682394209,-0.12741291718152548,-1
2026-04-16 01:00:00+00:00,9490.415682394207,-0.12321116696732781,-1
2026-04-16 02:00:00+00:00,9485.015682394207,-0.12371005551518766,-1
2026-04-16 03:00:00+00:00,9471.845682394207,-0.12492678925135714,-1
2026-04-16 04:00:00+00:00,9444.965682394206,-0.12741014557848207,-1
2026-04-16 05:00:00+00:00,9480.365682394207,-0.12413965398695592,-1
2026-04-16 06:00:00+00:00,9465.995682394207,-0.12546725184487206,-1
2026-04-16 07:00:00+00:00,9481.265682394207,-0.12405650589564599,-1
2026-04-16 08:00:00+00:00,9502.925682394209,-0.12205540849811891,-1
2026-04-16 09:00:00+00:00,9505.655682394208,-0.12180319262114536,-1
2026-04-16 10:00:00+00:00,9492.485682394206,-0.12301992635731496,-1
2026-04-16 11:00:00+00:00,9477.845682394207,-0.12437246864262386,-1
2026-04-16 12:00:00+00:00,9495.635682394208,-0.12272890803772984,-1
2026-04-16 13:00:00+00:00,9684.117893223836,-0.10531564573065277,-1
2026-04-16 14:00:00+00:00,9749.00366713666,-0.09932105878173902,-1
2026-04-16 15:00:00+00:00,9562.981343534286,-0.11650706005794498,-1
2026-04-16 16:00:00+00:00,9624.46247457252,-0.11082701706082487,-1
2026-04-16 17:00:00+00:00,9635.582474572519,-0.10979967619930608,-1
2026-04-16 18:00:00+00:00,9633.902474572518,-0.10995488596975145,-1
2026-04-16 19:00:00+00:00,9617.702474572518,-0.1114515516133312,-1
2026-04-16 20:00:00+00:00,9634.742474572518,-0.10987728108452877,-1
2026-04-16 22:00:00+00:00,9611.182474572517,-0.11205391334148795,-1
2026-04-16 23:00:00+00:00,9625.742474572518,-0.11070876199762858,-1
2026-04-17 00:00:00+00:00,9613.182474572517,-0.1118691398052436,-1
2026-04-17 01:00:00+00:00,9706.706088358658,-0.10322879538443286,0
2026-04-17 02:00:00+00:00,9706.706088358658,-0.10322879538443286,0
2026-04-17 03:00:00+00:00,9706.706088358658,-0.10322879538443286,0
2026-04-17 04:00:00+00:00,9706.706088358658,-0.10322879538443286,0
2026-04-17 05:00:00+00:00,9706.706088358658,-0.10322879538443286,0
2026-04-17 06:00:00+00:00,9706.706088358658,-0.10322879538443286,0
2026-04-17 07:00:00+00:00,9706.706088358658,-0.10322879538443286,0
2026-04-17 08:00:00+00:00,9706.706088358658,-0.10322879538443286,0
2026-04-17 09:00:00+00:00,9706.706088358658,-0.10322879538443286,0
2026-04-17 10:00:00+00:00,9706.706088358658,-0.10322879538443286,0
2026-04-17 11:00:00+00:00,9706.706088358658,-0.10322879538443286,0
2026-04-17 12:00:00+00:00,9706.706088358658,-0.10322879538443286,0
2026-04-17 13:00:00+00:00,9605.456088358658,-0.11258295565680598,-1
2026-04-17 14:00:00+00:00,9675.438064721267,-0.10611754703386012,-1
2026-04-17 15:00:00+00:00,9692.538064721268,-0.10453773329897043,-1
2026-04-17 16:00:00+00:00,9693.708064721266,-0.10442964078026762,-1
2026-04-17 17:00:00+00:00,9706.968064721266,-0.10320459223496714,-1
2026-04-17 18:00:00+00:00,9720.228064721266,-0.10197954368966666,-1
2026-04-17 19:00:00+00:00,9731.118064721268,-0.10097345178481576,-1
2026-04-17 20:00:00+00:00,9774.140108619285,-0.09699878419106645,0
2026-04-19 22:00:00+00:00,9774.140108619285,-0.09699878419106645,0
2026-04-19 23:00:00+00:00,9774.140108619285,-0.09699878419106645,0
2026-04-20 00:00:00+00:00,9774.140108619285,-0.09699878419106645,0
2026-04-20 01:00:00+00:00,9774.140108619285,-0.09699878419106645,0
2026-04-20 02:00:00+00:00,9774.140108619285,-0.09699878419106645,0
2026-04-20 03:00:00+00:00,9774.140108619285,-0.09699878419106645,0
2026-04-20 04:00:00+00:00,9774.140108619285,-0.09699878419106645,0
2026-04-20 05:00:00+00:00,9774.140108619285,-0.09699878419106645,0
2026-04-20 06:00:00+00:00,9774.140108619285,-0.09699878419106645,0
2026-04-20 07:00:00+00:00,9774.140108619285,-0.09699878419106645,0
2026-04-20 08:00:00+00:00,9774.140108619285,-0.09699878419106645,0
2026-04-20 09:00:00+00:00,9774.140108619285,-0.09699878419106645,0
2026-04-20 10:00:00+00:00,9774.140108619285,-0.09699878419106645,0
2026-04-20 11:00:00+00:00,9774.140108619285,-0.09699878419106645,0
2026-04-20 12:00:00+00:00,9774.140108619285,-0.09699878419106645,0
2026-04-20 13:00:00+00:00,9774.140108619285,-0.09699878419106645,0
2026-04-20 14:00:00+00:00,9774.140108619285,-0.09699878419106645,0
2026-04-20 15:00:00+00:00,9774.140108619285,-0.09699878419106645,0
2026-04-20 16:00:00+00:00,9774.140108619285,-0.09699878419106645,0
2026-04-20 17:00:00+00:00,9774.140108619285,-0.09699878419106645,0
2026-04-20 18:00:00+00:00,9774.140108619285,-0.09699878419106645,0
2026-04-20 19:00:00+00:00,9774.140108619285,-0.09699878419106645,0
2026-04-20 20:00:00+00:00,9774.140108619285,-0.09699878419106645,0
2026-04-20 22:00:00+00:00,9774.140108619285,-0.09699878419106645,0
2026-04-20 23:00:00+00:00,9803.040108619283,-0.09432880659233489,-1
2026-04-21 00:00:00+00:00,9791.690108619287,-0.09537739641052168,-1
2026-04-21 01:00:00+00:00,9860.440108619287,-0.08902580610212019,-1
2026-04-21 02:00:00+00:00,9877.490108619286,-0.08745061170563673,-1
2026-04-21 03:00:00+00:00,9936.000681127265,-0.08204500901064471,0
2026-04-21 04:00:00+00:00,9936.000681127265,-0.08204500901064471,0
2026-04-21 05:00:00+00:00,9936.000681127265,-0.08204500901064471,0
2026-04-21 06:00:00+00:00,9936.000681127265,-0.08204500901064471,0
2026-04-21 07:00:00+00:00,9936.000681127265,-0.08204500901064471,0
2026-04-21 08:00:00+00:00,9936.000681127265,-0.08204500901064471,0
2026-04-21 09:00:00+00:00,9936.000681127265,-0.08204500901064471,0
2026-04-21 10:00:00+00:00,9936.000681127265,-0.08204500901064471,0
2026-04-21 11:00:00+00:00,9936.000681127265,-0.08204500901064471,0
2026-04-21 12:00:00+00:00,9936.000681127265,-0.08204500901064471,0
2026-04-21 13:00:00+00:00,9936.000681127265,-0.08204500901064471,0
2026-04-21 14:00:00+00:00,9936.000681127265,-0.08204500901064471,0
2026-04-21 15:00:00+00:00,9936.000681127265,-0.08204500901064471,0
2026-04-21 16:00:00+00:00,9936.000681127265,-0.08204500901064471,0
2026-04-21 17:00:00+00:00,9936.000681127265,-0.08204500901064471,0
2026-04-21 18:00:00+00:00,9936.000681127265,-0.08204500901064471,0
2026-04-21 19:00:00+00:00,9936.000681127265,-0.08204500901064471,0
2026-04-21 20:00:00+00:00,9936.000681127265,-0.08204500901064471,0
2026-04-21 22:00:00+00:00,9936.000681127265,-0.08204500901064471,0
2026-04-21 23:00:00+00:00,9936.000681127265,-0.08204500901064471,0
2026-04-22 00:00:00+00:00,9936.000681127265,-0.08204500901064471,0
2026-04-22 01:00:00+00:00,9936.000681127265,-0.08204500901064471,0
2026-04-22 02:00:00+00:00,9928.940681127266,-0.08269725959358742,-1
2026-04-22 03:00:00+00:00,9924.060681127265,-0.0831481070220238,-1
2026-04-22 04:00:00+00:00,9931.200681127264,-0.08248846549763134,-1
2026-04-22 05:00:00+00:00,9905.040681127264,-0.0849053033517082,-1
2026-04-22 06:00:00+00:00,9905.020681127266,-0.08490715108707048,-1
2026-04-22 07:00:00+00:00,9919.220681127264,-0.0835952589797353,-1
2026-04-22 08:00:00+00:00,9926.240681127265,-0.08294670386751735,-1
2026-04-22 09:00:00+00:00,9930.040681127264,-0.08259563414865312,-1
2026-04-22 10:00:00+00:00,9921.920681127265,-0.08334581470580527,-1
2026-04-22 11:00:00+00:00,9939.560681127265,-0.08171611211612972,-1
2026-04-22 12:00:00+00:00,9951.820681127265,-0.08058345033895142,-1
2026-04-22 13:00:00+00:00,9934.420681127265,-0.08219098010427772,-1
2026-04-22 14:00:00+00:00,9968.540681127264,-0.07903874357594831,-1
2026-04-22 15:00:00+00:00,9985.080681127265,-0.07751066643120696,-1
2026-04-22 16:00:00+00:00,9983.060681127265,-0.07769728770281381,-1
2026-04-22 17:00:00+00:00,9965.980681127265,-0.07927525370234112,-1
2026-04-22 18:00:00+00:00,9956.920681127265,-0.08011227782152819,-1
2026-04-22 19:00:00+00:00,9960.060681127265,-0.07982218336962454,-1
2026-04-22 20:00:00+00:00,9961.900681127265,-0.07965219171627969,-1
2026-04-22 22:00:00+00:00,9988.500681127265,-0.07719470368422898,-1
2026-04-22 23:00:00+00:00,9984.740681127265,-0.07754207793236856,-1
2026-04-23 00:00:00+00:00,9968.879599642656,-0.07900743198965443,-1
2026-04-23 01:00:00+00:00,9983.907974614156,-0.0776190089959089,0
2026-04-23 02:00:00+00:00,9983.907974614156,-0.0776190089959089,0
2026-04-23 03:00:00+00:00,9983.907974614156,-0.0776190089959089,0
2026-04-23 04:00:00+00:00,9983.907974614156,-0.0776190089959089,0
2026-04-23 05:00:00+00:00,9983.907974614156,-0.0776190089959089,0
2026-04-23 06:00:00+00:00,9983.907974614156,-0.0776190089959089,0
2026-04-23 07:00:00+00:00,9983.907974614156,-0.0776190089959089,0
2026-04-23 08:00:00+00:00,9983.907974614156,-0.0776190089959089,0
2026-04-23 09:00:00+00:00,9983.907974614156,-0.0776190089959089,0
2026-04-23 10:00:00+00:00,9983.907974614156,-0.0776190089959089,0
2026-04-23 11:00:00+00:00,9983.907974614156,-0.0776190089959089,0
2026-04-23 12:00:00+00:00,9983.907974614156,-0.0776190089959089,0
2026-04-23 13:00:00+00:00,9983.907974614156,-0.0776190089959089,0
2026-04-23 14:00:00+00:00,9983.907974614156,-0.0776190089959089,0
2026-04-23 15:00:00+00:00,9983.907974614156,-0.0776190089959089,0
2026-04-23 16:00:00+00:00,9983.907974614156,-0.0776190089959089,0
2026-04-23 17:00:00+00:00,9983.907974614156,-0.0776190089959089,0
2026-04-23 18:00:00+00:00,9983.907974614156,-0.0776190089959089,0
2026-04-23 19:00:00+00:00,9983.907974614156,-0.0776190089959089,0
2026-04-23 20:00:00+00:00,9983.907974614156,-0.0776190089959089,0
2026-04-23 22:00:00+00:00,9983.907974614156,-0.0776190089959089,0
2026-04-23 23:00:00+00:00,9983.907974614156,-0.0776190089959089,0
2026-04-24 00:00:00+00:00,9983.907974614156,-0.0776190089959089,0
2026-04-24 01:00:00+00:00,9983.907974614156,-0.0776190089959089,0
2026-04-24 02:00:00+00:00,9983.907974614156,-0.0776190089959089,0
2026-04-24 03:00:00+00:00,9983.907974614156,-0.0776190089959089,0
2026-04-24 04:00:00+00:00,9983.907974614156,-0.0776190089959089,0
2026-04-24 05:00:00+00:00,9983.907974614156,-0.0776190089959089,0
2026-04-24 06:00:00+00:00,9983.907974614156,-0.0776190089959089,0
2026-04-24 07:00:00+00:00,9983.907974614156,-0.0776190089959089,0
2026-04-24 08:00:00+00:00,9983.907974614156,-0.0776190089959089,0
2026-04-24 09:00:00+00:00,9983.907974614156,-0.0776190089959089,0
2026-04-24 10:00:00+00:00,9983.907974614156,-0.0776190089959089,0
2026-04-24 11:00:00+00:00,9983.907974614156,-0.0776190089959089,0
2026-04-24 12:00:00+00:00,9983.907974614156,-0.0776190089959089,0
2026-04-24 13:00:00+00:00,9983.907974614156,-0.0776190089959089,0
2026-04-24 14:00:00+00:00,9983.907974614156,-0.0776190089959089,0
2026-04-24 15:00:00+00:00,9981.687974614157,-0.07782410762114023,-1
2026-04-24 16:00:00+00:00,9982.857974614159,-0.07771601510243709,-1
2026-04-24 17:00:00+00:00,9993.057974614156,-0.07677367006759084,-1
2026-04-24 18:00:00+00:00,9995.157974614156,-0.07657965785453413,-1
2026-04-24 19:00:00+00:00,10012.467974614157,-0.07498044289833872,-1
2026-04-24 20:00:00+00:00,10040.667974614156,-0.07237513603729273,-1
2026-04-26 22:00:00+00:00,10111.112925649273,-0.06586695468063142,0
2026-04-26 23:00:00+00:00,10111.112925649273,-0.06586695468063142,0
2026-04-27 00:00:00+00:00,10111.112925649273,-0.06586695468063142,0
2026-04-27 01:00:00+00:00,10111.112925649273,-0.06586695468063142,0
2026-04-27 02:00:00+00:00,10111.112925649273,-0.06586695468063142,0
2026-04-27 03:00:00+00:00,10111.112925649273,-0.06586695468063142,0
2026-04-27 04:00:00+00:00,10111.112925649273,-0.06586695468063142,0
2026-04-27 05:00:00+00:00,10111.112925649273,-0.06586695468063142,0
2026-04-27 06:00:00+00:00,10111.112925649273,-0.06586695468063142,0
2026-04-27 07:00:00+00:00,10111.112925649273,-0.06586695468063142,0
2026-04-27 08:00:00+00:00,10111.112925649273,-0.06586695468063142,0
2026-04-27 09:00:00+00:00,10111.112925649273,-0.06586695468063142,0
2026-04-27 10:00:00+00:00,10111.112925649273,-0.06586695468063142,0
2026-04-27 11:00:00+00:00,10111.112925649273,-0.06586695468063142,0
2026-04-27 12:00:00+00:00,10111.112925649273,-0.06586695468063142,0
2026-04-27 13:00:00+00:00,10111.112925649273,-0.06586695468063142,0
2026-04-27 14:00:00+00:00,10111.112925649273,-0.06586695468063142,0
2026-04-27 15:00:00+00:00,10111.112925649273,-0.06586695468063142,0
2026-04-27 16:00:00+00:00,10111.112925649273,-0.06586695468063142,0
2026-04-27 17:00:00+00:00,10111.112925649273,-0.06586695468063142,0
2026-04-27 18:00:00+00:00,10111.112925649273,-0.06586695468063142,0
2026-04-27 19:00:00+00:00,10111.112925649273,-0.06586695468063142,0
2026-04-27 20:00:00+00:00,10111.112925649273,-0.06586695468063142,0
2026-04-27 22:00:00+00:00,10111.112925649273,-0.06586695468063142,0
2026-04-27 23:00:00+00:00,10111.112925649273,-0.06586695468063142,0
2026-04-28 00:00:00+00:00,10111.112925649273,-0.06586695468063142,0
2026-04-28 01:00:00+00:00,10111.112925649273,-0.06586695468063142,0
2026-04-28 02:00:00+00:00,10111.112925649273,-0.06586695468063142,0
2026-04-28 03:00:00+00:00,10111.112925649273,-0.06586695468063142,0
2026-04-28 04:00:00+00:00,10111.112925649273,-0.06586695468063142,0
2026-04-28 05:00:00+00:00,10111.112925649273,-0.06586695468063142,0
2026-04-28 06:00:00+00:00,10111.112925649273,-0.06586695468063142,0
2026-04-28 07:00:00+00:00,10111.112925649273,-0.06586695468063142,0
2026-04-28 08:00:00+00:00,10111.112925649273,-0.06586695468063142,0
2026-04-28 09:00:00+00:00,10111.112925649273,-0.06586695468063142,0
2026-04-28 10:00:00+00:00,10111.112925649273,-0.06586695468063142,0
2026-04-28 11:00:00+00:00,10111.112925649273,-0.06586695468063142,0
2026-04-28 12:00:00+00:00,10111.112925649273,-0.06586695468063142,0
2026-04-28 13:00:00+00:00,10111.112925649273,-0.06586695468063142,0
2026-04-28 14:00:00+00:00,10111.112925649273,-0.06586695468063142,0
2026-04-28 15:00:00+00:00,10111.112925649273,-0.06586695468063142,0
2026-04-28 16:00:00+00:00,10111.112925649273,-0.06586695468063142,0
2026-04-28 17:00:00+00:00,10111.112925649273,-0.06586695468063142,0
2026-04-28 18:00:00+00:00,10111.112925649273,-0.06586695468063142,0
2026-04-28 19:00:00+00:00,10111.112925649273,-0.06586695468063142,0
2026-04-28 20:00:00+00:00,10111.112925649273,-0.06586695468063142,0
2026-04-28 22:00:00+00:00,10111.112925649273,-0.06586695468063142,0
2026-04-28 23:00:00+00:00,10111.112925649273,-0.06586695468063142,0
2026-04-29 00:00:00+00:00,10111.112925649273,-0.06586695468063142,0
2026-04-29 01:00:00+00:00,10111.112925649273,-0.06586695468063142,0
2026-04-29 02:00:00+00:00,10111.112925649273,-0.06586695468063142,0
2026-04-29 03:00:00+00:00,10111.112925649273,-0.06586695468063142,0
2026-04-29 04:00:00+00:00,10111.112925649273,-0.06586695468063142,0
2026-04-29 05:00:00+00:00,10111.112925649273,-0.06586695468063142,0
2026-04-29 06:00:00+00:00,10111.112925649273,-0.06586695468063142,0
2026-04-29 07:00:00+00:00,10111.112925649273,-0.06586695468063142,0
2026-04-29 08:00:00+00:00,10111.112925649273,-0.06586695468063142,0
2026-04-29 09:00:00+00:00,10111.112925649273,-0.06586695468063142,0
2026-04-29 10:00:00+00:00,10111.112925649273,-0.06586695468063142,0
2026-04-29 11:00:00+00:00,10111.112925649273,-0.06586695468063142,0
2026-04-29 12:00:00+00:00,10111.112925649273,-0.06586695468063142,0
2026-04-29 13:00:00+00:00,10111.112925649273,-0.06586695468063142,0
2026-04-29 14:00:00+00:00,10111.112925649273,-0.06586695468063142,0
2026-04-29 15:00:00+00:00,10111.112925649273,-0.06586695468063142,0
2026-04-29 16:00:00+00:00,10111.112925649273,-0.06586695468063142,0
2026-04-29 17:00:00+00:00,10111.112925649273,-0.06586695468063142,0
2026-04-29 18:00:00+00:00,10111.112925649273,-0.06586695468063142,0
2026-04-29 19:00:00+00:00,10111.112925649273,-0.06586695468063142,0
2026-04-29 20:00:00+00:00,10111.112925649273,-0.06586695468063142,0
2026-04-29 22:00:00+00:00,10111.112925649273,-0.06586695468063142,0
2026-04-29 23:00:00+00:00,10111.112925649273,-0.06586695468063142,0
2026-04-30 00:00:00+00:00,10111.112925649273,-0.06586695468063142,0
2026-04-30 01:00:00+00:00,10111.112925649273,-0.06586695468063142,0
2026-04-30 02:00:00+00:00,10111.112925649273,-0.06586695468063142,0
2026-04-30 03:00:00+00:00,10111.112925649273,-0.06586695468063142,0
2026-04-30 04:00:00+00:00,10111.112925649273,-0.06586695468063142,0
2026-04-30 05:00:00+00:00,10111.112925649273,-0.06586695468063142,0
2026-04-30 06:00:00+00:00,10111.112925649273,-0.06586695468063142,0
2026-04-30 07:00:00+00:00,10111.112925649273,-0.06586695468063142,0
2026-04-30 08:00:00+00:00,10111.112925649273,-0.06586695468063142,0
2026-04-30 09:00:00+00:00,10111.112925649273,-0.06586695468063142,0
2026-04-30 10:00:00+00:00,10067.372925649273,-0.06990795191829657,-1
2026-04-30 11:00:00+00:00,10096.112925649273,-0.0672527562024644,-1
2026-04-30 12:00:00+00:00,10067.912925649274,-0.0698580630635105,-1
2026-04-30 13:00:00+00:00,10153.562925649276,-0.06194513637384369,-1
2026-04-30 14:00:00+00:00,10127.402925649274,-0.06436197422792067,-1
2026-04-30 15:00:00+00:00,10140.722925649272,-0.06313138247653305,-1
2026-04-30 16:00:00+00:00,10163.912925649274,-0.06098893332377897,-1
2026-04-30 17:00:00+00:00,10136.192925649275,-0.06354989453612636,-1
2026-04-30 18:00:00+00:00,10119.182925649275,-0.06512139346188506,-1
2026-04-30 19:00:00+00:00,10135.652925649274,-0.06359978339091243,-1
2026-04-30 20:00:00+00:00,10119.962925649274,-0.06504933178274985,-1
2026-04-30 22:00:00+00:00,10095.632925649274,-0.06729710185116311,-1
2026-04-30 23:00:00+00:00,10107.152925649274,-0.06623280628239525,-1
2026-05-01 00:00:00+00:00,10127.522925649275,-0.06435088781574594,-1
2026-05-01 01:00:00+00:00,10123.982925649272,-0.06467793697489876,-1
2026-05-01 02:00:00+00:00,10129.382925649274,-0.0641790484270387,-1
2026-05-01 03:00:00+00:00,10106.642925649274,-0.06627992353413759,-1
2026-05-01 04:00:00+00:00,10159.202925649275,-0.06142407500163449,-1
2026-05-01 05:00:00+00:00,10171.982925649274,-0.06024337210503283,-1
2026-05-01 06:00:00+00:00,10202.552925649274,-0.05741910860353716,-1
2026-05-01 07:00:00+00:00,10234.304469644667,-0.054485686070912864,0
2026-05-01 08:00:00+00:00,10234.304469644667,-0.054485686070912864,0
2026-05-01 09:00:00+00:00,10234.304469644667,-0.054485686070912864,0
2026-05-01 10:00:00+00:00,10234.304469644667,-0.054485686070912864,0
2026-05-01 11:00:00+00:00,10234.304469644667,-0.054485686070912864,0
2026-05-01 12:00:00+00:00,10234.304469644667,-0.054485686070912864,0
2026-05-01 13:00:00+00:00,10234.304469644667,-0.054485686070912864,0
2026-05-01 14:00:00+00:00,10234.304469644667,-0.054485686070912864,0
2026-05-01 15:00:00+00:00,10234.304469644667,-0.054485686070912864,0
2026-05-01 16:00:00+00:00,10234.304469644667,-0.054485686070912864,0
2026-05-01 17:00:00+00:00,10234.304469644667,-0.054485686070912864,0
2026-05-01 18:00:00+00:00,10234.304469644667,-0.054485686070912864,0
2026-05-01 19:00:00+00:00,10234.304469644667,-0.054485686070912864,0
2026-05-01 20:00:00+00:00,10234.304469644667,-0.054485686070912864,0
2026-05-03 22:00:00+00:00,10234.304469644667,-0.054485686070912864,0
2026-05-03 23:00:00+00:00,10234.304469644667,-0.054485686070912864,0
2026-05-04 00:00:00+00:00,10234.304469644667,-0.054485686070912864,0
2026-05-04 01:00:00+00:00,10234.304469644667,-0.054485686070912864,0
2026-05-04 02:00:00+00:00,10234.304469644667,-0.054485686070912864,0
2026-05-04 03:00:00+00:00,10234.304469644667,-0.054485686070912864,0
2026-05-04 04:00:00+00:00,10234.304469644667,-0.054485686070912864,0
2026-05-04 05:00:00+00:00,10234.304469644667,-0.054485686070912864,0
2026-05-04 06:00:00+00:00,10234.304469644667,-0.054485686070912864,0
2026-05-04 07:00:00+00:00,10234.304469644667,-0.054485686070912864,0
2026-05-04 08:00:00+00:00,10234.304469644667,-0.054485686070912864,0
2026-05-04 09:00:00+00:00,10234.304469644667,-0.054485686070912864,0
2026-05-04 10:00:00+00:00,10234.304469644667,-0.054485686070912864,0
2026-05-04 11:00:00+00:00,10234.304469644667,-0.054485686070912864,0
2026-05-04 12:00:00+00:00,10234.304469644667,-0.054485686070912864,0
2026-05-04 13:00:00+00:00,10234.304469644667,-0.054485686070912864,0
2026-05-04 14:00:00+00:00,10234.304469644667,-0.054485686070912864,0
2026-05-04 15:00:00+00:00,10234.304469644667,-0.054485686070912864,0
2026-05-04 16:00:00+00:00,10234.304469644667,-0.054485686070912864,0
2026-05-04 17:00:00+00:00,10234.304469644667,-0.054485686070912864,0
2026-05-04 18:00:00+00:00,10234.304469644667,-0.054485686070912864,0
2026-05-04 19:00:00+00:00,10234.304469644667,-0.054485686070912864,0
2026-05-04 20:00:00+00:00,10234.304469644667,-0.054485686070912864,0
2026-05-04 22:00:00+00:00,10234.304469644667,-0.054485686070912864,0
2026-05-04 23:00:00+00:00,10234.304469644667,-0.054485686070912864,0
2026-05-05 00:00:00+00:00,10234.304469644667,-0.054485686070912864,0
2026-05-05 01:00:00+00:00,10234.304469644667,-0.054485686070912864,0
2026-05-05 02:00:00+00:00,10234.304469644667,-0.054485686070912864,0
2026-05-05 03:00:00+00:00,10234.304469644667,-0.054485686070912864,0
2026-05-05 04:00:00+00:00,10234.304469644667,-0.054485686070912864,0
2026-05-05 05:00:00+00:00,10234.304469644667,-0.054485686070912864,0
2026-05-05 06:00:00+00:00,10234.304469644667,-0.054485686070912864,0
2026-05-05 07:00:00+00:00,10234.304469644667,-0.054485686070912864,0
2026-05-05 08:00:00+00:00,10234.304469644667,-0.054485686070912864,0
2026-05-05 09:00:00+00:00,10241.114469644664,-0.05385653218000086,-1
2026-05-05 10:00:00+00:00,10278.464469644665,-0.05040588639063648,-1
2026-05-05 11:00:00+00:00,10221.434469644668,-0.05567470377664552,-1
2026-05-05 12:00:00+00:00,10215.854469644666,-0.05619022194276757,-1
2026-05-05 13:00:00+00:00,10182.363945879455,-0.059284303196155186,0
2026-05-05 14:00:00+00:00,10184.003945879454,-0.05913278889643481,-1
2026-05-05 15:00:00+00:00,10239.323945879454,-0.05402195288391465,-1
2026-05-05 16:00:00+00:00,10268.443945879457,-0.05133165019619579,-1
2026-05-05 17:00:00+00:00,10274.083945879456,-0.05081058882398659,-1
2026-05-05 18:00:00+00:00,10269.443945879457,-0.05123926342807361,-1
2026-05-05 19:00:00+00:00,10293.323945879454,-0.049033067405315656,-1
2026-05-05 20:00:00+00:00,10291.443945879457,-0.049206754529385166,-1
2026-05-05 22:00:00+00:00,10320.797800029304,-0.04649484681255023,0
2026-05-05 23:00:00+00:00,10320.797800029304,-0.04649484681255023,0
2026-05-06 00:00:00+00:00,10249.247800029303,-0.05310512007169399,-1
2026-05-06 01:00:00+00:00,10246.815484345021,-0.053329833856817666,-1
2026-05-06 02:00:00+00:00,10168.714762638185,-0.060545307123323844,-1
2026-05-06 03:00:00+00:00,10145.936235338982,-0.06264974164308057,-1
2026-05-06 04:00:00+00:00,10124.69623533898,-0.0646120365979963,-1
2026-05-06 05:00:00+00:00,10028.959011063776,-0.07345688933777295,-1
2026-05-06 06:00:00+00:00,9989.279057479545,-0.07712279200865912,-1
2026-05-06 07:00:00+00:00,9895.307672008472,-0.08580450460829736,-1
2026-05-06 08:00:00+00:00,9781.117099785331,-0.09635420252601823,-1
2026-05-06 09:00:00+00:00,9779.572685597755,-0.09649688596145045,-1
2026-05-06 10:00:00+00:00,9628.30787242359,-0.11047175318122049,-1
2026-05-06 11:00:00+00:00,9721.283154065628,-0.101882067395061,-1
2026-05-06 12:00:00+00:00,9804.797631016128,-0.09416643477818798,-1
2026-05-06 13:00:00+00:00,9729.277631016128,-0.10114348350677682,-1
2026-05-06 14:00:00+00:00,9684.123052431969,-0.10531516908808736,-1
2026-05-06 15:00:00+00:00,9729.543052431969,-0.10111896207997684,-1
2026-05-06 16:00:00+00:00,9743.913052431968,-0.09979136422206092,-1
2026-05-06 17:00:00+00:00,9741.153052431968,-0.1000463517020782,-1
2026-05-06 18:00:00+00:00,9735.18305243197,-0.10059790070776753,-1
2026-05-06 19:00:00+00:00,9715.653052431968,-0.10240221428919438,-1
2026-05-06 20:00:00+00:00,9721.35305243197,-0.1018756097108976,-1
2026-05-06 22:00:00+00:00,9708.723052431971,-0.1030424545922809,-1
2026-05-06 23:00:00+00:00,9697.05305243197,-0.10412060817626723,-1
2026-05-07 00:00:00+00:00,9727.653052431968,-0.10129357307172793,-1
2026-05-07 01:00:00+00:00,9649.20305243197,-0.10854131503091446,-1
2026-05-07 02:00:00+00:00,9671.46305243197,-0.1064847855725144,-1
2026-05-07 03:00:00+00:00,9696.003052431968,-0.10421761428279563,-1
2026-05-07 04:00:00+00:00,9704.193052431969,-0.10346096665187476,-1
2026-05-07 05:00:00+00:00,9690.33305243197,-0.10474144725804835,-1
2026-05-07 06:00:00+00:00,9506.147310924105,-0.12175777265015153,-1
2026-05-07 07:00:00+00:00,9554.402595890788,-0.1172996228272637,-1
2026-05-07 08:00:00+00:00,9590.732595890786,-0.11394321154138431,-1
2026-05-07 09:00:00+00:00,9596.552595890786,-0.11340552055091313,-1
2026-05-07 10:00:00+00:00,9576.662595890786,-0.11524309336886362,-1
2026-05-07 11:00:00+00:00,9555.452595890785,-0.11720261672073562,-1
2026-05-07 12:00:00+00:00,9533.432595890785,-0.11923697335478667,-1
2026-05-07 13:00:00+00:00,9524.79964621699,-0.12003454367451016,-1
2026-05-07 14:00:00+00:00,9459.199646216992,-0.12609511566332654,-1
2026-05-07 15:00:00+00:00,9593.519646216992,-0.11368572496915219,-1
2026-05-07 16:00:00+00:00,9700.399881192794,-0.10381140548359613,-1
2026-05-07 17:00:00+00:00,9710.959881192794,-0.1028358012122258,-1
2026-05-07 18:00:00+00:00,9716.449881192792,-0.10232859785523507,-1
2026-05-07 19:00:00+00:00,9736.939881192793,-0.10043559297641103,-1
2026-05-07 20:00:00+00:00,9782.031246783676,-0.09626974743925265,0
2026-05-07 22:00:00+00:00,9782.031246783676,-0.09626974743925265,0
2026-05-07 23:00:00+00:00,9782.031246783676,-0.09626974743925265,0
2026-05-08 00:00:00+00:00,9782.031246783676,-0.09626974743925265,0
2026-05-08 01:00:00+00:00,9782.031246783676,-0.09626974743925265,0
2026-05-08 02:00:00+00:00,9782.031246783676,-0.09626974743925265,0
2026-05-08 03:00:00+00:00,9782.031246783676,-0.09626974743925265,0
2026-05-08 04:00:00+00:00,9782.031246783676,-0.09626974743925265,0
2026-05-08 05:00:00+00:00,9782.031246783676,-0.09626974743925265,0
2026-05-08 06:00:00+00:00,9785.731246783676,-0.09592791639720044,-1
2026-05-08 07:00:00+00:00,9821.151246783676,-0.09265557707031202,-1
2026-05-08 08:00:00+00:00,9805.531246783676,-0.09409865838838083,-1
2026-05-08 09:00:00+00:00,9813.311246783676,-0.09337988933239005,-1
2026-05-08 10:00:00+00:00,9797.551246783676,-0.09483590479799597,-1
2026-05-08 11:00:00+00:00,9801.611246783676,-0.0944608145194199,-1
2026-05-08 12:00:00+00:00,9788.271246783677,-0.0956932540061699,-1
2026-05-08 13:00:00+00:00,9741.091246783677,-0.10005206172617553,-1
2026-05-08 14:00:00+00:00,9738.280015675004,-0.1003117822827504,0
2026-05-08 15:00:00+00:00,9738.280015675004,-0.1003117822827504,0
2026-05-08 16:00:00+00:00,9738.280015675004,-0.1003117822827504,0
2026-05-08 17:00:00+00:00,9738.280015675004,-0.1003117822827504,0
2026-05-08 18:00:00+00:00,9738.280015675004,-0.1003117822827504,0
2026-05-08 19:00:00+00:00,9738.280015675004,-0.1003117822827504,0
2026-05-08 20:00:00+00:00,9738.280015675004,-0.1003117822827504,0
2026-05-10 22:00:00+00:00,9738.280015675004,-0.1003117822827504,0
2026-05-10 23:00:00+00:00,9738.280015675004,-0.1003117822827504,0
2026-05-11 00:00:00+00:00,9738.280015675004,-0.1003117822827504,0
2026-05-11 01:00:00+00:00,9738.280015675004,-0.1003117822827504,0
2026-05-11 02:00:00+00:00,9738.280015675004,-0.1003117822827504,0
2026-05-11 03:00:00+00:00,9738.280015675004,-0.1003117822827504,0
2026-05-11 04:00:00+00:00,9738.280015675004,-0.1003117822827504,0
2026-05-11 05:00:00+00:00,9738.280015675004,-0.1003117822827504,0
2026-05-11 06:00:00+00:00,9738.280015675004,-0.1003117822827504,0
2026-05-11 07:00:00+00:00,9738.280015675004,-0.1003117822827504,0
2026-05-11 08:00:00+00:00,9738.280015675004,-0.1003117822827504,0
2026-05-11 09:00:00+00:00,9738.280015675004,-0.1003117822827504,0
2026-05-11 10:00:00+00:00,9738.280015675004,-0.1003117822827504,0
2026-05-11 11:00:00+00:00,9738.280015675004,-0.1003117822827504,0
2026-05-11 12:00:00+00:00,9738.280015675004,-0.1003117822827504,0
2026-05-11 13:00:00+00:00,9738.280015675004,-0.1003117822827504,0
2026-05-11 14:00:00+00:00,9759.100015675003,-0.09838828977044622,-1
2026-05-11 15:00:00+00:00,9745.900015675003,-0.09960779510965934,-1
2026-05-11 16:00:00+00:00,9777.300015675002,-0.09670685059062223,-1
2026-05-11 17:00:00+00:00,9762.900015675003,-0.09803722005158189,-1
2026-05-11 18:00:00+00:00,9760.400015675003,-0.09826818697188744,-1
2026-05-11 19:00:00+00:00,9743.180015675003,-0.09985908711895164,-1
2026-05-11 20:00:00+00:00,9739.440015675003,-0.10020461363172872,-1
2026-05-11 22:00:00+00:00,9708.500015675003,-0.10306306023742973,-1
2026-05-11 23:00:00+00:00,9692.967272887909,-0.10449808014360285,0
2026-05-12 00:00:00+00:00,9692.967272887909,-0.10449808014360285,0
2026-05-12 01:00:00+00:00,9737.067272887907,-0.10042382366941383,-1
2026-05-12 02:00:00+00:00,9731.687272887908,-0.10092086448191118,-1
2026-05-12 03:00:00+00:00,9751.167272887908,-0.09912117023889067,-1
2026-05-12 04:00:00+00:00,9763.267272887908,-0.09800329034461197,-1
2026-05-12 05:00:00+00:00,9771.246474735435,-0.09726611767372428,0
2026-05-12 06:00:00+00:00,9771.246474735435,-0.09726611767372428,0
2026-05-12 07:00:00+00:00,9771.246474735435,-0.09726611767372428,0
2026-05-12 08:00:00+00:00,9771.246474735435,-0.09726611767372428,0
2026-05-12 09:00:00+00:00,9771.246474735435,-0.09726611767372428,0
2026-05-12 10:00:00+00:00,9771.246474735435,-0.09726611767372428,0
2026-05-12 11:00:00+00:00,9771.246474735435,-0.09726611767372428,0
2026-05-12 12:00:00+00:00,9771.246474735435,-0.09726611767372428,0
2026-05-12 13:00:00+00:00,9771.246474735435,-0.09726611767372428,0
2026-05-12 14:00:00+00:00,9771.246474735435,-0.09726611767372428,0
2026-05-12 15:00:00+00:00,9771.246474735435,-0.09726611767372428,0
2026-05-12 16:00:00+00:00,9771.246474735435,-0.09726611767372428,0
2026-05-12 17:00:00+00:00,9771.246474735435,-0.09726611767372428,0
2026-05-12 18:00:00+00:00,9771.246474735435,-0.09726611767372428,0
2026-05-12 19:00:00+00:00,9771.246474735435,-0.09726611767372428,0
2026-05-12 20:00:00+00:00,9771.246474735435,-0.09726611767372428,0
2026-05-12 22:00:00+00:00,9771.246474735435,-0.09726611767372428,0
2026-05-12 23:00:00+00:00,9771.246474735435,-0.09726611767372428,0
2026-05-13 00:00:00+00:00,9771.246474735435,-0.09726611767372428,0
2026-05-13 01:00:00+00:00,9771.246474735435,-0.09726611767372428,0
2026-05-13 02:00:00+00:00,9771.246474735435,-0.09726611767372428,0
2026-05-13 03:00:00+00:00,9771.246474735435,-0.09726611767372428,0
2026-05-13 04:00:00+00:00,9771.246474735435,-0.09726611767372428,0
2026-05-13 05:00:00+00:00,9771.246474735435,-0.09726611767372428,0
2026-05-13 06:00:00+00:00,9771.246474735435,-0.09726611767372428,0
2026-05-13 07:00:00+00:00,9771.246474735435,-0.09726611767372428,0
2026-05-13 08:00:00+00:00,9771.246474735435,-0.09726611767372428,0
2026-05-13 09:00:00+00:00,9771.246474735435,-0.09726611767372428,0
2026-05-13 10:00:00+00:00,9771.246474735435,-0.09726611767372428,0
2026-05-13 11:00:00+00:00,9771.246474735435,-0.09726611767372428,0
2026-05-13 12:00:00+00:00,9771.246474735435,-0.09726611767372428,0
2026-05-13 13:00:00+00:00,9771.246474735435,-0.09726611767372428,0
2026-05-13 14:00:00+00:00,9771.246474735435,-0.09726611767372428,0
2026-05-13 15:00:00+00:00,9771.246474735435,-0.09726611767372428,0
2026-05-13 16:00:00+00:00,9771.246474735435,-0.09726611767372428,0
2026-05-13 17:00:00+00:00,9771.246474735435,-0.09726611767372428,0
2026-05-13 18:00:00+00:00,9771.246474735435,-0.09726611767372428,0
2026-05-13 19:00:00+00:00,9771.246474735435,-0.09726611767372428,0
2026-05-13 20:00:00+00:00,9771.246474735435,-0.09726611767372428,0
2026-05-13 22:00:00+00:00,9771.246474735435,-0.09726611767372428,0
2026-05-13 23:00:00+00:00,9771.246474735435,-0.09726611767372428,0
2026-05-14 00:00:00+00:00,9771.246474735435,-0.09726611767372428,0
2026-05-14 01:00:00+00:00,9771.246474735435,-0.09726611767372428,0
2026-05-14 02:00:00+00:00,9771.246474735435,-0.09726611767372428,0
2026-05-14 03:00:00+00:00,9771.246474735435,-0.09726611767372428,0
2026-05-14 04:00:00+00:00,9771.246474735435,-0.09726611767372428,0
2026-05-14 05:00:00+00:00,9771.246474735435,-0.09726611767372428,0
2026-05-14 06:00:00+00:00,9771.246474735435,-0.09726611767372428,0
2026-05-14 07:00:00+00:00,9771.246474735435,-0.09726611767372428,0
2026-05-14 08:00:00+00:00,9771.246474735435,-0.09726611767372428,0
2026-05-14 09:00:00+00:00,9771.246474735435,-0.09726611767372428,0
2026-05-14 10:00:00+00:00,9771.246474735435,-0.09726611767372428,0
2026-05-14 11:00:00+00:00,9771.246474735435,-0.09726611767372428,0
2026-05-14 12:00:00+00:00,9771.246474735435,-0.09726611767372428,0
2026-05-14 13:00:00+00:00,9771.246474735435,-0.09726611767372428,0
2026-05-14 14:00:00+00:00,9771.246474735435,-0.09726611767372428,0
2026-05-14 15:00:00+00:00,9771.246474735435,-0.09726611767372428,0
2026-05-14 16:00:00+00:00,9771.246474735435,-0.09726611767372428,0
2026-05-14 17:00:00+00:00,9771.246474735435,-0.09726611767372428,0
2026-05-14 18:00:00+00:00,9771.246474735435,-0.09726611767372428,0
2026-05-14 19:00:00+00:00,9771.246474735435,-0.09726611767372428,0
2026-05-14 20:00:00+00:00,9771.246474735435,-0.09726611767372428,0
2026-05-14 22:00:00+00:00,9771.246474735435,-0.09726611767372428,0
2026-05-14 23:00:00+00:00,9771.246474735435,-0.09726611767372428,0
2026-05-15 00:00:00+00:00,9771.246474735435,-0.09726611767372428,0
2026-05-15 01:00:00+00:00,9771.246474735435,-0.09726611767372428,0
2026-05-15 02:00:00+00:00,9771.246474735435,-0.09726611767372428,0
2026-05-15 03:00:00+00:00,9771.246474735435,-0.09726611767372428,0
2026-05-15 04:00:00+00:00,9771.246474735435,-0.09726611767372428,0
2026-05-15 05:00:00+00:00,9771.246474735435,-0.09726611767372428,0
2026-05-15 06:00:00+00:00,9771.246474735435,-0.09726611767372428,0
2026-05-15 07:00:00+00:00,9771.246474735435,-0.09726611767372428,0
2026-05-15 08:00:00+00:00,9771.246474735435,-0.09726611767372428,0
2026-05-15 09:00:00+00:00,9771.246474735435,-0.09726611767372428,0
2026-05-15 10:00:00+00:00,9771.246474735435,-0.09726611767372428,0
2026-05-15 11:00:00+00:00,9771.246474735435,-0.09726611767372428,0
2026-05-15 12:00:00+00:00,9771.246474735435,-0.09726611767372428,0
2026-05-15 13:00:00+00:00,9771.246474735435,-0.09726611767372428,0
2026-05-15 14:00:00+00:00,9771.246474735435,-0.09726611767372428,0
2026-05-15 15:00:00+00:00,9771.246474735435,-0.09726611767372428,0
2026-05-15 16:00:00+00:00,9771.246474735435,-0.09726611767372428,0
2026-05-15 17:00:00+00:00,9771.246474735435,-0.09726611767372428,0
2026-05-15 18:00:00+00:00,9771.246474735435,-0.09726611767372428,0
2026-05-15 19:00:00+00:00,9771.246474735435,-0.09726611767372428,0
2026-05-15 20:00:00+00:00,9771.246474735435,-0.09726611767372428,0
2026-05-17 22:00:00+00:00,9771.246474735435,-0.09726611767372428,0
2026-05-17 23:00:00+00:00,9771.246474735435,-0.09726611767372428,0
2026-05-18 00:00:00+00:00,9771.246474735435,-0.09726611767372428,0
2026-05-18 01:00:00+00:00,9771.246474735435,-0.09726611767372428,0
2026-05-18 02:00:00+00:00,9771.246474735435,-0.09726611767372428,0
2026-05-18 03:00:00+00:00,9771.246474735435,-0.09726611767372428,0
2026-05-18 04:00:00+00:00,9771.246474735435,-0.09726611767372428,0
2026-05-18 05:00:00+00:00,9771.246474735435,-0.09726611767372428,0
2026-05-18 06:00:00+00:00,9771.246474735435,-0.09726611767372428,0
2026-05-18 07:00:00+00:00,9771.246474735435,-0.09726611767372428,0
2026-05-18 08:00:00+00:00,9771.246474735435,-0.09726611767372428,0
2026-05-18 09:00:00+00:00,9771.246474735435,-0.09726611767372428,0
2026-05-18 10:00:00+00:00,9771.246474735435,-0.09726611767372428,0
2026-05-18 11:00:00+00:00,9771.246474735435,-0.09726611767372428,0
2026-05-18 12:00:00+00:00,9771.246474735435,-0.09726611767372428,0
2026-05-18 13:00:00+00:00,9771.246474735435,-0.09726611767372428,0
2026-05-18 14:00:00+00:00,9771.246474735435,-0.09726611767372428,0
2026-05-18 15:00:00+00:00,9771.246474735435,-0.09726611767372428,0
2026-05-18 16:00:00+00:00,9771.246474735435,-0.09726611767372428,0
2026-05-18 17:00:00+00:00,9771.246474735435,-0.09726611767372428,0
2026-05-18 18:00:00+00:00,9771.246474735435,-0.09726611767372428,0
2026-05-18 19:00:00+00:00,9771.246474735435,-0.09726611767372428,0
2026-05-18 20:00:00+00:00,9771.246474735435,-0.09726611767372428,0
2026-05-18 22:00:00+00:00,9771.246474735435,-0.09726611767372428,0
2026-05-18 23:00:00+00:00,9771.246474735435,-0.09726611767372428,0
2026-05-19 00:00:00+00:00,9771.246474735435,-0.09726611767372428,0
2026-05-19 01:00:00+00:00,9771.246474735435,-0.09726611767372428,0
2026-05-19 02:00:00+00:00,9771.246474735435,-0.09726611767372428,0
2026-05-19 03:00:00+00:00,9771.246474735435,-0.09726611767372428,0
2026-05-19 04:00:00+00:00,9771.246474735435,-0.09726611767372428,0
2026-05-19 05:00:00+00:00,9771.246474735435,-0.09726611767372428,0
2026-05-19 06:00:00+00:00,9771.246474735435,-0.09726611767372428,0
2026-05-19 07:00:00+00:00,9771.246474735435,-0.09726611767372428,0
2026-05-19 08:00:00+00:00,9771.246474735435,-0.09726611767372428,0
2026-05-19 09:00:00+00:00,9771.246474735435,-0.09726611767372428,0
2026-05-19 10:00:00+00:00,9771.246474735435,-0.09726611767372428,0
2026-05-19 11:00:00+00:00,9771.246474735435,-0.09726611767372428,0
2026-05-19 12:00:00+00:00,9771.246474735435,-0.09726611767372428,0
2026-05-19 13:00:00+00:00,9771.246474735435,-0.09726611767372428,0
2026-05-19 14:00:00+00:00,9771.246474735435,-0.09726611767372428,0
2026-05-19 15:00:00+00:00,9771.246474735435,-0.09726611767372428,0
2026-05-19 16:00:00+00:00,9771.246474735435,-0.09726611767372428,0
2026-05-19 17:00:00+00:00,9771.246474735435,-0.09726611767372428,0
2026-05-19 18:00:00+00:00,9771.246474735435,-0.09726611767372428,0
2026-05-19 19:00:00+00:00,9771.246474735435,-0.09726611767372428,0
2026-05-19 20:00:00+00:00,9771.246474735435,-0.09726611767372428,0
2026-05-19 22:00:00+00:00,9771.246474735435,-0.09726611767372428,0
2026-05-19 23:00:00+00:00,9771.246474735435,-0.09726611767372428,0
2026-05-20 00:00:00+00:00,9771.246474735435,-0.09726611767372428,0
2026-05-20 01:00:00+00:00,9771.246474735435,-0.09726611767372428,0
2026-05-20 02:00:00+00:00,9771.246474735435,-0.09726611767372428,0
2026-05-20 03:00:00+00:00,9771.246474735435,-0.09726611767372428,0
2026-05-20 04:00:00+00:00,9771.246474735435,-0.09726611767372428,0
2026-05-20 05:00:00+00:00,9771.246474735435,-0.09726611767372428,0
2026-05-20 06:00:00+00:00,9771.246474735435,-0.09726611767372428,0
2026-05-20 07:00:00+00:00,9771.246474735435,-0.09726611767372428,0
2026-05-20 08:00:00+00:00,9771.246474735435,-0.09726611767372428,0
2026-05-20 09:00:00+00:00,9771.246474735435,-0.09726611767372428,0
2026-05-20 10:00:00+00:00,9771.246474735435,-0.09726611767372428,0
2026-05-20 11:00:00+00:00,9771.246474735435,-0.09726611767372428,0
2026-05-20 12:00:00+00:00,9771.246474735435,-0.09726611767372428,0
2026-05-20 13:00:00+00:00,9771.246474735435,-0.09726611767372428,0
2026-05-20 14:00:00+00:00,9771.246474735435,-0.09726611767372428,0
2026-05-20 15:00:00+00:00,9771.246474735435,-0.09726611767372428,0
2026-05-20 16:00:00+00:00,9771.246474735435,-0.09726611767372428,0
2026-05-20 17:00:00+00:00,9771.246474735435,-0.09726611767372428,0
2026-05-20 18:00:00+00:00,9771.246474735435,-0.09726611767372428,0
2026-05-20 19:00:00+00:00,9771.246474735435,-0.09726611767372428,0
2026-05-20 20:00:00+00:00,9771.246474735435,-0.09726611767372428,0
2026-05-20 22:00:00+00:00,9771.246474735435,-0.09726611767372428,0
2026-05-20 23:00:00+00:00,9771.246474735435,-0.09726611767372428,0
2026-05-21 00:00:00+00:00,9771.246474735435,-0.09726611767372428,0
2026-05-21 01:00:00+00:00,9771.246474735435,-0.09726611767372428,0
2026-05-21 02:00:00+00:00,9771.246474735435,-0.09726611767372428,0
2026-05-21 03:00:00+00:00,9771.246474735435,-0.09726611767372428,0
2026-05-21 04:00:00+00:00,9771.246474735435,-0.09726611767372428,0
2026-05-21 05:00:00+00:00,9771.246474735435,-0.09726611767372428,0
2026-05-21 06:00:00+00:00,9771.246474735435,-0.09726611767372428,0
2026-05-21 07:00:00+00:00,9771.246474735435,-0.09726611767372428,0
2026-05-21 08:00:00+00:00,9771.246474735435,-0.09726611767372428,0
2026-05-21 09:00:00+00:00,9771.246474735435,-0.09726611767372428,0
2026-05-21 10:00:00+00:00,9771.246474735435,-0.09726611767372428,0
2026-05-21 11:00:00+00:00,9771.246474735435,-0.09726611767372428,0
2026-05-21 12:00:00+00:00,9771.246474735435,-0.09726611767372428,0
2026-05-21 13:00:00+00:00,9771.246474735435,-0.09726611767372428,0
2026-05-21 14:00:00+00:00,9771.246474735435,-0.09726611767372428,0
2026-05-21 15:00:00+00:00,9771.246474735435,-0.09726611767372428,0
2026-05-21 16:00:00+00:00,9771.246474735435,-0.09726611767372428,0
2026-05-21 17:00:00+00:00,9771.246474735435,-0.09726611767372428,0
2026-05-21 18:00:00+00:00,9771.246474735435,-0.09726611767372428,0
2026-05-21 19:00:00+00:00,9771.246474735435,-0.09726611767372428,0
2026-05-21 20:00:00+00:00,9771.246474735435,-0.09726611767372428,0
2026-05-21 22:00:00+00:00,9771.246474735435,-0.09726611767372428,0
2026-05-21 23:00:00+00:00,9771.246474735435,-0.09726611767372428,0
2026-05-22 00:00:00+00:00,9771.246474735435,-0.09726611767372428,0
2026-05-22 01:00:00+00:00,9771.246474735435,-0.09726611767372428,0
2026-05-22 02:00:00+00:00,9771.246474735435,-0.09726611767372428,0
2026-05-22 03:00:00+00:00,9771.246474735435,-0.09726611767372428,0
2026-05-22 04:00:00+00:00,9771.246474735435,-0.09726611767372428,0
2026-05-22 05:00:00+00:00,9771.246474735435,-0.09726611767372428,0
2026-05-22 06:00:00+00:00,9771.246474735435,-0.09726611767372428,0
2026-05-22 07:00:00+00:00,9771.246474735435,-0.09726611767372428,0
2026-05-22 08:00:00+00:00,9771.246474735435,-0.09726611767372428,0
2026-05-22 09:00:00+00:00,9771.246474735435,-0.09726611767372428,0
2026-05-22 10:00:00+00:00,9771.246474735435,-0.09726611767372428,0
2026-05-22 11:00:00+00:00,9771.246474735435,-0.09726611767372428,0
2026-05-22 12:00:00+00:00,9771.246474735435,-0.09726611767372428,0
2026-05-22 13:00:00+00:00,9771.246474735435,-0.09726611767372428,0
2026-05-22 14:00:00+00:00,9771.246474735435,-0.09726611767372428,0
2026-05-22 15:00:00+00:00,9771.246474735435,-0.09726611767372428,0
2026-05-22 16:00:00+00:00,9771.246474735435,-0.09726611767372428,0
2026-05-22 17:00:00+00:00,9771.246474735435,-0.09726611767372428,0
2026-05-22 18:00:00+00:00,9771.246474735435,-0.09726611767372428,0
2026-05-22 19:00:00+00:00,9771.246474735435,-0.09726611767372428,0
2026-05-22 20:00:00+00:00,9771.246474735435,-0.09726611767372428,0
2026-05-24 22:00:00+00:00,9771.246474735435,-0.09726611767372428,0
2026-05-24 23:00:00+00:00,9771.246474735435,-0.09726611767372428,0
2026-05-25 00:00:00+00:00,9771.246474735435,-0.09726611767372428,0
2026-05-25 01:00:00+00:00,9771.246474735435,-0.09726611767372428,0
2026-05-25 02:00:00+00:00,9771.246474735435,-0.09726611767372428,0
2026-05-25 03:00:00+00:00,9771.246474735435,-0.09726611767372428,0
2026-05-25 04:00:00+00:00,9771.246474735435,-0.09726611767372428,0
2026-05-25 05:00:00+00:00,9771.246474735435,-0.09726611767372428,0
2026-05-25 06:00:00+00:00,9771.246474735435,-0.09726611767372428,0
2026-05-25 07:00:00+00:00,9771.246474735435,-0.09726611767372428,0
2026-05-25 08:00:00+00:00,9771.246474735435,-0.09726611767372428,0
2026-05-25 09:00:00+00:00,9771.246474735435,-0.09726611767372428,0
2026-05-25 10:00:00+00:00,9771.246474735435,-0.09726611767372428,0
2026-05-25 11:00:00+00:00,9771.246474735435,-0.09726611767372428,0
2026-05-25 12:00:00+00:00,9771.246474735435,-0.09726611767372428,0
2026-05-25 13:00:00+00:00,9771.246474735435,-0.09726611767372428,0
2026-05-25 14:00:00+00:00,9771.246474735435,-0.09726611767372428,0
2026-05-25 15:00:00+00:00,9771.246474735435,-0.09726611767372428,0
2026-05-25 16:00:00+00:00,9771.246474735435,-0.09726611767372428,0
2026-05-25 17:00:00+00:00,9771.246474735435,-0.09726611767372428,0
2026-05-25 18:00:00+00:00,9771.246474735435,-0.09726611767372428,0
2026-05-25 20:00:00+00:00,9771.246474735435,-0.09726611767372428,0
2026-05-25 22:00:00+00:00,9771.246474735435,-0.09726611767372428,0
2026-05-25 23:00:00+00:00,9771.246474735435,-0.09726611767372428,0
2026-05-26 00:00:00+00:00,9771.246474735435,-0.09726611767372428,0
2026-05-26 01:00:00+00:00,9771.246474735435,-0.09726611767372428,0
2026-05-26 02:00:00+00:00,9771.246474735435,-0.09726611767372428,0
2026-05-26 03:00:00+00:00,9771.246474735435,-0.09726611767372428,0
2026-05-26 04:00:00+00:00,9771.246474735435,-0.09726611767372428,0
2026-05-26 05:00:00+00:00,9771.246474735435,-0.09726611767372428,0
2026-05-26 06:00:00+00:00,9771.246474735435,-0.09726611767372428,0
2026-05-26 07:00:00+00:00,9771.246474735435,-0.09726611767372428,0
2026-05-26 08:00:00+00:00,9771.246474735435,-0.09726611767372428,0
2026-05-26 09:00:00+00:00,9771.246474735435,-0.09726611767372428,0
2026-05-26 10:00:00+00:00,9771.246474735435,-0.09726611767372428,0
2026-05-26 11:00:00+00:00,9771.246474735435,-0.09726611767372428,0
2026-05-26 12:00:00+00:00,9771.246474735435,-0.09726611767372428,0
2026-05-26 13:00:00+00:00,9771.246474735435,-0.09726611767372428,0
2026-05-26 14:00:00+00:00,9771.246474735435,-0.09726611767372428,0
2026-05-26 15:00:00+00:00,9771.246474735435,-0.09726611767372428,0
2026-05-26 16:00:00+00:00,9771.246474735435,-0.09726611767372428,0
2026-05-26 17:00:00+00:00,9771.246474735435,-0.09726611767372428,0
2026-05-26 18:00:00+00:00,9771.246474735435,-0.09726611767372428,0
2026-05-26 19:00:00+00:00,9771.246474735435,-0.09726611767372428,0
2026-05-26 20:00:00+00:00,9771.246474735435,-0.09726611767372428,0
2026-05-26 22:00:00+00:00,9771.246474735435,-0.09726611767372428,0
2026-05-26 23:00:00+00:00,9771.246474735435,-0.09726611767372428,0
2026-05-27 00:00:00+00:00,9771.246474735435,-0.09726611767372428,0
2026-05-27 01:00:00+00:00,9771.246474735435,-0.09726611767372428,0
2026-05-27 02:00:00+00:00,9771.246474735435,-0.09726611767372428,0
2026-05-27 03:00:00+00:00,9771.246474735435,-0.09726611767372428,0
2026-05-27 04:00:00+00:00,9771.246474735435,-0.09726611767372428,0
2026-05-27 05:00:00+00:00,9771.246474735435,-0.09726611767372428,0
2026-05-27 06:00:00+00:00,9771.246474735435,-0.09726611767372428,0
2026-05-27 07:00:00+00:00,9771.246474735435,-0.09726611767372428,0
2026-05-27 08:00:00+00:00,9771.246474735435,-0.09726611767372428,0
2026-05-27 09:00:00+00:00,9771.246474735435,-0.09726611767372428,0
2026-05-27 10:00:00+00:00,9771.246474735435,-0.09726611767372428,0
2026-05-27 11:00:00+00:00,9771.246474735435,-0.09726611767372428,0
2026-05-27 12:00:00+00:00,9771.246474735435,-0.09726611767372428,0
2026-05-27 13:00:00+00:00,9771.246474735435,-0.09726611767372428,0
2026-05-27 14:00:00+00:00,9771.246474735435,-0.09726611767372428,0
2026-05-27 15:00:00+00:00,9771.246474735435,-0.09726611767372428,0
2026-05-27 16:00:00+00:00,9771.246474735435,-0.09726611767372428,0
2026-05-27 17:00:00+00:00,9771.246474735435,-0.09726611767372428,0
2026-05-27 18:00:00+00:00,9771.246474735435,-0.09726611767372428,0
2026-05-27 19:00:00+00:00,9771.246474735435,-0.09726611767372428,0
2026-05-27 20:00:00+00:00,9771.246474735435,-0.09726611767372428,0
2026-05-27 22:00:00+00:00,9771.246474735435,-0.09726611767372428,0
2026-05-27 23:00:00+00:00,9771.246474735435,-0.09726611767372428,0
2026-05-28 00:00:00+00:00,9771.246474735435,-0.09726611767372428,0
2026-05-28 01:00:00+00:00,9771.246474735435,-0.09726611767372428,0
2026-05-28 02:00:00+00:00,9771.246474735435,-0.09726611767372428,0
2026-05-28 03:00:00+00:00,9771.246474735435,-0.09726611767372428,0
2026-05-28 04:00:00+00:00,9771.246474735435,-0.09726611767372428,0
2026-05-28 05:00:00+00:00,9771.246474735435,-0.09726611767372428,0
2026-05-28 06:00:00+00:00,9771.246474735435,-0.09726611767372428,0
2026-05-28 07:00:00+00:00,9771.246474735435,-0.09726611767372428,0
2026-05-28 08:00:00+00:00,9771.246474735435,-0.09726611767372428,0
2026-05-28 09:00:00+00:00,9771.246474735435,-0.09726611767372428,0
2026-05-28 10:00:00+00:00,9771.246474735435,-0.09726611767372428,0
2026-05-28 11:00:00+00:00,9771.246474735435,-0.09726611767372428,0
2026-05-28 12:00:00+00:00,9771.246474735435,-0.09726611767372428,0
2026-05-28 13:00:00+00:00,9771.246474735435,-0.09726611767372428,0
2026-05-28 14:00:00+00:00,9771.246474735435,-0.09726611767372428,0
2026-05-28 15:00:00+00:00,9771.246474735435,-0.09726611767372428,0
2026-05-28 16:00:00+00:00,9771.246474735435,-0.09726611767372428,0
2026-05-28 17:00:00+00:00,9778.896474735437,-0.09655935889758926,-1
2026-05-28 18:00:00+00:00,9802.686474735436,-0.09436147768396208,-1
2026-05-28 19:00:00+00:00,9811.656474735435,-0.093532768373906,-1
2026-05-28 20:00:00+00:00,9819.156474735435,-0.09283986761298946,-1
2026-05-28 22:00:00+00:00,9831.936474735438,-0.09165916471638746,-1
2026-05-28 23:00:00+00:00,9820.146474735437,-0.09274840471254842,-1
2026-05-29 00:00:00+00:00,9817.476474735435,-0.09299507738343482,-1
2026-05-29 01:00:00+00:00,9786.306474735436,-0.09587477294580371,-1
2026-05-29 02:00:00+00:00,9800.256474735435,-0.09458597753049913,-1
2026-05-29 03:00:00+00:00,9801.786474735436,-0.09444462577527213,-1
2026-05-29 04:00:00+00:00,9763.446474735438,-0.09798673446507722,-1
2026-05-29 05:00:00+00:00,9761.046474735436,-0.09820846270857064,-1
2026-05-29 06:00:00+00:00,9734.856474735436,-0.10062807216569114,-1
2026-05-29 07:00:00+00:00,9731.406474735435,-0.10094680651571286,-1
2026-05-29 08:00:00+00:00,9760.926474735435,-0.09821954912074538,-1
2026-05-29 09:00:00+00:00,9697.862154403982,-0.10404585785999165,0
2026-05-29 10:00:00+00:00,9697.862154403982,-0.10404585785999165,0
2026-05-29 11:00:00+00:00,9697.742154403983,-0.10405694427216627,-1
2026-05-29 12:00:00+00:00,9744.03215440398,-0.09978036077578978,-1
2026-05-29 13:00:00+00:00,9702.512154403983,-0.10361625938822328,-1
2026-05-29 14:00:00+00:00,9562.204970907804,-0.11657878661576426,-1
2026-05-29 15:00:00+00:00,9589.578924209154,-0.11404979553952432,0
2026-05-29 16:00:00+00:00,9598.078924209154,-0.1132645080104856,-1
2026-05-29 17:00:00+00:00,9625.078924209154,-0.11077006527118616,-1
2026-05-29 18:00:00+00:00,9625.478924209154,-0.11073311056393731,-1
2026-05-29 19:00:00+00:00,9640.918924209154,-0.10930665886413049,-1
2026-05-29 20:00:00+00:00,9645.698924209155,-0.10886505011250625,-1
2026-05-31 22:00:00+00:00,9673.877372454546,-0.10626173434841579,0
2026-05-31 23:00:00+00:00,9673.877372454546,-0.10626173434841579,0
2026-06-01 00:00:00+00:00,9673.877372454546,-0.10626173434841579,0
2026-06-01 01:00:00+00:00,9673.877372454546,-0.10626173434841579,0
2026-06-01 02:00:00+00:00,9673.877372454546,-0.10626173434841579,0
2026-06-01 03:00:00+00:00,9673.877372454546,-0.10626173434841579,0
2026-06-01 04:00:00+00:00,9673.877372454546,-0.10626173434841579,0
2026-06-01 05:00:00+00:00,9673.877372454546,-0.10626173434841579,0
2026-06-01 06:00:00+00:00,9673.877372454546,-0.10626173434841579,0
2026-06-01 07:00:00+00:00,9673.877372454546,-0.10626173434841579,0
2026-06-01 08:00:00+00:00,9673.877372454546,-0.10626173434841579,0
2026-06-01 09:00:00+00:00,9673.877372454546,-0.10626173434841579,0
2026-06-01 10:00:00+00:00,9673.877372454546,-0.10626173434841579,0
2026-06-01 11:00:00+00:00,9673.877372454546,-0.10626173434841579,0
2026-06-01 12:00:00+00:00,9673.877372454546,-0.10626173434841579,0
2026-06-01 13:00:00+00:00,9673.877372454546,-0.10626173434841579,0
2026-06-01 14:00:00+00:00,9673.877372454546,-0.10626173434841579,0
2026-06-01 15:00:00+00:00,9673.877372454546,-0.10626173434841579,0
2026-06-01 16:00:00+00:00,9673.877372454546,-0.10626173434841579,0
2026-06-01 17:00:00+00:00,9673.877372454546,-0.10626173434841579,0
2026-06-01 18:00:00+00:00,9673.877372454546,-0.10626173434841579,0
2026-06-01 19:00:00+00:00,9673.877372454546,-0.10626173434841579,0
2026-06-01 20:00:00+00:00,9673.877372454546,-0.10626173434841579,0
2026-06-01 22:00:00+00:00,9673.877372454546,-0.10626173434841579,0
2026-06-01 23:00:00+00:00,9673.877372454546,-0.10626173434841579,0
2026-06-02 00:00:00+00:00,9673.877372454546,-0.10626173434841579,0
2026-06-02 01:00:00+00:00,9673.877372454546,-0.10626173434841579,0
2026-06-02 02:00:00+00:00,9673.877372454546,-0.10626173434841579,0
2026-06-02 03:00:00+00:00,9673.877372454546,-0.10626173434841579,0
2026-06-02 04:00:00+00:00,9673.877372454546,-0.10626173434841579,0
2026-06-02 05:00:00+00:00,9675.037372454546,-0.10615456569739401,-1
2026-06-02 06:00:00+00:00,9604.486627139091,-0.11267252104570158,0
